record_id,title,year,publisher,url,stakeholder_group_proxy,stakeholder_confidence,stakeholder_method,stakeholder_score_government,stakeholder_score_investor,stakeholder_score_community,stakeholder_score_labour,stakeholder_score_NGO,stance_a_label,stance_a_score,stance_a_positive_sentences,stance_a_negative_sentences,stance_b_label,stance_b_score,stance_b_positive_sentences,stance_b_negative_sentences,draft_reconstructed_label,annotation_confidence,needs_review,review_reason,positive_cue_families,negative_cue_families
OFFICIAL-002,Bapo ba Mogale Heads of Argument,2014,Bapo ba Mogale,https://www.justice.gov.za/comm-mrk/docs/201411-HoA-BapoBaMogale.pdf,community,1.0000,document_author_group,0.000,0.000,10.000,0.000,0.000,1,0.42744,22,14,0,-3.31662,0,11,,0.7488,true,stance_readings_disagree_or_low_margin,,
OFFICIAL-004,Heads of Argument of Evidence Leaders,2014,Evidence Leaders,https://www.justice.gov.za/comm-mrk/docs/201411-HoA-EvidenceLeaders.pdf,labour,0.0356,dominant_voice_proxy,892.900,469.000,88.100,925.900,0.000,0,-2.61758,120,1657,0,-34.63676,15,1483,0,1.0000,true,stakeholder_voice_low_confidence,,
MEDIA-007,FIVE MINUTES: SOUTH AFRICA 16 August 2012,2012,Daily Maverick,https://www.dailymaverick.co.za/article/2012-08-16-five-minutes-south-africa-16-august-2012/,government,0.9683,dominant_voice_proxy,22.100,0.700,0.000,0.700,0.000,0,-1.38629,0,3,1,0.00000,1,1,,0.2773,true,stance_readings_disagree_or_low_margin,,
MEDIA-012,Ramaphosa says negotiation was Marikana panacea,2014,Mining Weekly,https://www.miningweekly.com/article/negotiation-was-marikana-panacea-ramaphosa-2014-08-11,investor,0.0493,dominant_voice_proxy,6.750,7.100,0.000,3.200,0.350,0,-1.38629,2,11,0,-2.64575,0,7,0,0.8064,true,stakeholder_voice_low_confidence,,
MEDIA-014,Lonmin affirms Farlam report,2015,Mining Weekly,https://www.miningweekly.com/article/lonmin-affirms-farlam-report-2015-08-21,investor,0.8685,dominant_voice_proxy,3.200,29.650,0.350,3.900,0.000,1,0.00000,1,1,0,-1.00000,0,1,,0.2000,true,stance_readings_disagree_or_low_margin,,
MEDIA-015,NUM welcomes further investigation recommendation defends member actions,2015,Mining Weekly,https://www.miningweekly.com/article/num-welcomes-further-investigation-recommendation-defends-member-actions-2015-06-26,labour,0.1113,dominant_voice_proxy,29.550,9.250,5.350,33.250,0.000,0,-1.32176,3,14,0,-2.19134,2,13,0,0.7026,true,stakeholder_voice_low_confidence,,
MEDIA-016,Lonmin unveils design proposal for Marikana memorial park showcases new apartments,2017,Mining Weekly,https://www.miningweekly.com/article/lonmin-unveils-design-proposal-for-marikana-memorial-park-showcases-new-apartments-2017-08-15,investor,0.6201,dominant_voice_proxy,2.850,24.350,2.100,9.250,0.000,1,0.22314,4,3,0,-1.73205,0,3,,0.3910,true,stance_readings_disagree_or_low_margin,,
MEDIA-031,Lonmin donates 50 ha of land for residential development,2013,Mining Weekly,https://www.miningweekly.com/article/lonmin-donates-50-ha-of-land-for-residential-development-2013-10-29,investor,0.6223,dominant_voice_proxy,3.550,9.400,2.500,3.550,0.000,1,0.51083,4,2,0,-1.00000,0,1,,0.3022,true,stance_readings_disagree_or_low_margin,,
MEDIA-034,Miners regress on ARV treatment – Lonmin,2014,Mining Weekly,https://www.miningweekly.com/article/miners-regress-on-arv-treatment-lonmin-2014-04-14,labour,0.0137,dominant_voice_proxy,2.500,14.400,0.000,14.600,0.000,0,-0.40547,1,2,0,-1.41421,0,2,0,0.3639,true,stakeholder_voice_low_confidence,,
MEDIA-037,Housing Miners,2014,Mining Weekly,https://www.miningweekly.com/article/housing-miners-2014-11-11,investor,0.1021,dominant_voice_proxy,6.750,11.750,4.950,10.550,0.000,1,0.40547,2,1,1,1.00000,1,0,1,0.2811,true,stakeholder_voice_low_confidence,,
MEDIA-042,Nothing off table as Lonmin pursues value in low platinum price environment,2017,Mining Weekly,https://www.miningweekly.com/article/nothing-off-table-as-lonmin-pursues-value-in-low-platinum-price-environment-2017-04-07,investor,0.7407,dominant_voice_proxy,2.800,27.000,0.000,7.000,0.000,1,0.51083,4,2,0,-1.00000,0,1,,0.3022,true,stance_readings_disagree_or_low_margin,,
MEDIA-043,"Sibanye-Stillwater to acquire embattled Lonmin, completes PGMs strategy",2017,Mining Weekly,https://www.miningweekly.com/article/sibanye-stillwater-to-acquire-embattled-lonmin-in-all-share-offer-2017-12-14,investor,0.9879,dominant_voice_proxy,0.700,57.850,0.000,0.350,0.000,1,0.00000,2,2,0,-0.41421,1,2,,0.0828,true,stance_readings_disagree_or_low_margin,,
MEDIA-044,Lonmin transaction filed with South Africa's competition authority,2018,Mining Weekly,https://www.miningweekly.com/article/lonmin-transaction-filed-with-south-africas-competition-body-2018-03-30,investor,0.1172,dominant_voice_proxy,0.350,7.250,0.350,6.400,0.000,0,-0.69315,0,1,0,-1.00000,0,1,0,0.3386,true,stakeholder_voice_low_confidence,,
MEDIA-046,UK regulatory body approves Sibanye's acquisition of Lonmin,2018,Mining Weekly,https://www.miningweekly.com/article/uk-regulatory-body-approves-sibanyes-acquisition-of-lonmin-2018-06-28,investor,0.8501,dominant_voice_proxy,3.350,22.350,0.000,0.000,0.000,1,0.00000,0,0,1,0.00000,0,0,,0.0000,true,stance_readings_disagree_or_low_margin,,
MEDIA-048,"Lonmin undertakes refinancing, delivers on results promise",2018,Mining Weekly,https://www.miningweekly.com/article/lonmin-undertakes-refinancing-delivers-on-results-promise-2018-10-22,investor,0.7580,dominant_voice_proxy,6.050,25.000,0.000,0.350,0.000,1,0.00000,1,1,0,-1.00000,0,1,,0.2000,true,stance_readings_disagree_or_low_margin,,
MEDIA-050,Rustenburg communities want ConCourt to set aside Sibanye's Lonmin takeover,2019,Mining Weekly,https://www.miningweekly.com/article/rustenburg-communities-want-concourt-to-set-aside-sibanyes-lonmin-takeover-2019-07-19,investor,0.4937,dominant_voice_proxy,6.050,11.950,1.750,1.050,0.000,1,0.00000,1,1,1,0.00000,1,1,,0.0000,true,stance_readings_disagree_or_low_margin,,
MEDIA-052,Sibanye-Stillwater intensifies PGMs presence,2019,Mining Weekly,https://www.miningweekly.com/article/sibanye-stillwater-intensifies-pgms-presence-2019-08-23,investor,1.0000,dominant_voice_proxy,0.000,23.550,0.000,0.000,0.000,1,0.00000,0,0,1,0.00000,0,0,,0.0000,true,stance_readings_disagree_or_low_margin,,
CORP-002,Lonmin Plc Annual Report and Accounts 2013,2013,Lonmin Plc,https://www.annualreports.com/HostedData/AnnualReportArchive/l/LSE_LMI_2013.pdf,investor,1.0000,document_author_group,0.000,10.000,0.000,0.000,0.000,1,0.15415,97,83,0,-1.52277,30,49,,0.3354,true,stance_readings_disagree_or_low_margin,,
CORP-006,Lonmin Plc Annual Report and Accounts 2017,2017,Lonmin Plc,https://www.sibanyestillwater.com/wp-content/uploads/transactions/lonmin/final-offer/lonmin-year-end-30september2017.pdf,investor,1.0000,document_author_group,0.000,10.000,0.000,0.000,0.000,0,-0.22314,3,4,0,-0.58579,2,4,,0.1618,true,stance_readings_disagree_or_low_margin,,
CORP-007,Lonmin Plc Annual Report and Accounts 2018,2018,Lonmin Plc,https://www.sibanyestillwater.com/wp-content/uploads/transactions/lonmin/lonmin-annual-report-2018.pdf,investor,1.0000,document_author_group,0.000,10.000,0.000,0.000,0.000,1,0.02871,105,102,0,-0.42877,46,52,,0.0915,true,stance_readings_disagree_or_low_margin,,
CORP-010,Sibanye-Stillwater Integrated Report 2021,2021,Sibanye-Stillwater,https://reports.sibanyestillwater.com/2021/,investor,1.0000,document_author_group,0.000,10.000,0.000,0.000,0.000,0,-0.28768,5,7,0,-0.31784,2,3,,0.1211,true,stance_readings_disagree_or_low_margin,,
CORP-011,Sibanye-Stillwater Integrated Report 2022,2022,Sibanye-Stillwater,https://reports.sibanyestillwater.com/2022/,investor,1.0000,document_author_group,0.000,10.000,0.000,0.000,0.000,1,0.00000,0,0,1,0.00000,0,0,,0.0000,true,stance_readings_disagree_or_low_margin,,
CORP-012,Sibanye-Stillwater Integrated Report 2023,2023,Sibanye-Stillwater,https://reports.sibanyestillwater.com/2023/,investor,1.0000,document_author_group,0.000,10.000,0.000,0.000,0.000,1,0.40547,2,1,0,-1.00000,0,1,,0.2811,true,stance_readings_disagree_or_low_margin,,
expanded_corporate_candidates__EXP-CORP-001,Lonmin Plc Annual Report and Accounts 2010,2010,Lonmin Plc,https://www.annualreports.com/HostedData/AnnualReportArchive/l/LSE_LMI_2010.pdf,investor,1.0000,document_author_group,0.000,10.000,0.000,0.000,0.000,1,0.11778,71,63,1,0.20004,26,24,,0.0636,true,stance_readings_disagree_or_low_margin,,
EXP-CORP-005,Lonmin Plc Sustainable Development Report 2018,2018,Lonmin Plc,https://www.sibanyestillwater.com/wp-content/uploads/transactions/lonmin/1548855505-lonmin-sdr-2018.pdf,investor,1.0000,document_author_group,0.000,10.000,0.000,0.000,0.000,0,-0.34740,64,91,1,0.70820,45,36,,0.2111,true,stance_readings_disagree_or_low_margin,,
CORP-NEWS-002,Constitutional Court of South Africa dismisses applications brought by Greater Lonmin Community,2019,Sibanye-Stillwater,https://thevault.exchange/?get_group_doc=245%2F1567694971-WithLogoConstitutionalCourtofSouthAfricadismissesapplicationsbroughtbyGreaterLonminCommunity5Sep2019.pdf,investor,1.0000,document_author_group,0.000,10.000,0.000,0.000,0.000,1,0.69315,3,1,0,-1.00000,0,1,,0.3386,true,stance_readings_disagree_or_low_margin,,
CORP-NEWS-005,Referral of the Platinum wage negotiations dispute to the CCMA for Sibanye-Stillwater’s Rustenburg and Marikana operations,2019,Sibanye-Stillwater,https://thevault.exchange/?get_group_doc=245%2F1569859850-MediareleaseReferralofthePlatinumwagenegotiationsdisputetotheCCMAforSibanye-StillwatersRustenburgandMarikanaoperations30Sep2019.pdf,investor,1.0000,document_author_group,0.000,10.000,0.000,0.000,0.000,1,1.09861,2,0,0,-2.50000,0,1,,0.7197,true,stance_readings_disagree_or_low_margin,,"(?:wage|pay).{0,30}(?:dispute|demand|strike)"
CORP-NEWS-006,Marikana Commemoration speakers call for positive change in South Africa,2023,Sibanye-Stillwater,https://thevault.exchange/?get_group_doc=245%2F1692017960-MediareleaseMarikanacommemorationcallforpositivechangeinSA14August2023.pdf,investor,1.0000,document_author_group,0.000,10.000,0.000,0.000,0.000,1,0.40547,5,3,1,0.00000,3,3,,0.0811,true,stance_readings_disagree_or_low_margin,,
EXP-GOV-003,North West Human Settlements on illegal occupants of Marikana houses,2016,North West Human Settlements / South African Government,https://www.gov.za/speeches/illegal-occupants-houses-marikana-stand-be-evicted-19-apr-2016-0000,government,1.0000,document_author_group,10.000,0.000,0.000,0.000,0.000,1,0.45685,1,3,0,-1.00000,0,1,,0.2914,true,stance_readings_disagree_or_low_margin,settlement,
EXP-GOV-011,Parliament requests update from SAPS on implementation of recommendations in Panel of Experts Report,2021,Parliament of South Africa,https://www.gov.za/news/media-statements/parliament-requests-update-saps-implementation-recommendations-panel-experts,government,,text_unavailable,,,,,,,,,,,,,,,,true,text_unavailable_at_execution,,
WEB-GOV-003,Government remembers Marikana tragedy,2020,Government Communication and Information System,https://www.gcis.gov.za/newsroom/media-releases/government-remembers-marikana-tragedy,government,1.0000,document_author_group,10.000,0.000,0.000,0.000,0.000,0,-0.69315,0,1,1,0.00000,0,0,,0.1386,true,stance_readings_disagree_or_low_margin,,
WEB-GOV-004,Government commemorates the Marikana tragedy,2022,South African Government,https://www.gov.za/news/media-statements/government-commemorates-marikana-tragedy-16-aug-2022,government,,text_unavailable,,,,,,,,,,,,,,,,true,text_unavailable_at_execution,,
expanded_media_candidates__EXP-MEDIA-001,It's business unusual at 'improving' Lonmin – Munroe,2013,Mining Weekly,https://www.miningweekly.com/article/its-business-unusual-at-improving-lonmin-munroe-2013-03-15,investor,0.5064,dominant_voice_proxy,2.500,15.700,2.100,7.750,0.000,1,0.33647,6,4,1,0.00000,3,3,,0.0673,true,stance_readings_disagree_or_low_margin,,
expanded_media_candidates__EXP-MEDIA-002,Lonmin accelerates union recognition process to ease Marikana tensions,2013,Mining Weekly,https://www.miningweekly.com/article/lonmin-accelerates-union-recognition-process-to-ease-marikana-tensions-2013-05-17,labour,0.1625,dominant_voice_proxy,2.500,20.100,0.000,24.000,0.000,1,0.51083,4,2,0,-1.41421,0,2,,0.3850,true,stance_readings_disagree_or_low_margin,,
expanded_media_candidates__EXP-MEDIA-003,Lonmin to derecognise smaller unions in favour of AMCU,2013,Mining Weekly,https://www.miningweekly.com/article/lonmin-to-derecognise-smaller-unions-in-favour-of-amcu-2013-08-23,labour,0.1197,dominant_voice_proxy,0.350,15.450,0.000,17.550,0.000,1,0.69315,5,2,0,-1.41421,0,2,,0.4215,true,stance_readings_disagree_or_low_margin,,
expanded_media_candidates__EXP-MEDIA-009,An end to platinum miner's single-sex hostels beckons,2014,Mining Weekly,https://www.miningweekly.com/article/an-end-to-platinum-miners-single-sex-hostels-beckons-2014-03-28,labour,0.1957,dominant_voice_proxy,0.700,26.300,7.100,32.700,0.000,1,1.79176,11,1,0,-1.00000,0,1,,0.5584,true,stance_readings_disagree_or_low_margin,,
expanded_media_candidates__EXP-MEDIA-023,Marikana massacre: The first of Lonmin's voices are heard,2014,Daily Maverick,https://www.dailymaverick.co.za/article/2014-06-09-marikana-massacre-the-first-of-lonmins-voices-are-heard/,investor,0.0585,dominant_voice_proxy,2.800,27.350,0.000,25.750,0.000,0,-3.67573,1,24,0,-6.08258,0,21,0,1.0000,true,stakeholder_voice_low_confidence,,(?:massacre|killings?|shootings?|deaths?|torture) | massacre
expanded_media_candidates__EXP-MEDIA-033,Community wants ConCourt to declare R5bn Lonmin deal illegal,2019,Daily Maverick,https://www.dailymaverick.co.za/article/2019-07-21-community-wants-concourt-to-declare-r5bn-lonmin-deal-illegal/,investor,0.3630,dominant_voice_proxy,6.050,33.200,21.150,10.700,0.000,1,0.28768,7,5,0,-1.23607,1,5,,0.3048,true,stance_readings_disagree_or_low_margin,,
expanded_media_candidates_02__EXP-MEDIA-037,Lonmin workers embark on illegal work stoppage,2013,Mining Weekly,https://www.miningweekly.com/article/illegal-strike-erupts-at-lonmin-2013-03-05,investor,0.0843,dominant_voice_proxy,0.000,17.200,0.000,15.750,0.000,1,0.40547,2,1,0,-1.00000,0,1,,0.2811,true,stance_readings_disagree_or_low_margin,,
expanded_media_candidates_02__EXP-MEDIA-039,Lonmin confirms work stoppage across shafts,2013,Mining Weekly,https://www.miningweekly.com/article/lonmin-confirms-work-stoppage-across-shafts-2013-05-14,labour,0.6705,dominant_voice_proxy,0.000,10.100,0.000,30.650,0.000,0,-0.40547,1,2,0,-0.41421,1,2,,0.1639,true,stance_readings_disagree_or_low_margin,,
expanded_media_candidates_02__EXP-MEDIA-040,"AMCU, Lonmin talks reach deadlock, formal arbitration to start",2013,Mining Weekly,https://www.miningweekly.com/article/amcu-lonmin-talks-reach-deadlock-formal-arbitration-to-start-2013-05-23,labour,0.2262,dominant_voice_proxy,0.350,9.750,0.000,12.600,0.000,1,0.69315,3,1,0,-1.00000,0,1,,0.3386,true,stance_readings_disagree_or_low_margin,,
expanded_media_candidates_02__EXP-MEDIA-043,AMCU sidelined as platinum producers take offer directly to employees,2014,Mining Weekly,https://www.miningweekly.com/article/amcu-sidelined-as-platinum-producers-take-offer-directly-to-employees-2014-04-25,labour,0.6965,dominant_voice_proxy,0.000,8.300,0.000,27.350,0.000,1,0.40547,2,1,0,-1.00000,0,1,,0.2811,true,stance_readings_disagree_or_low_margin,,
expanded_media_candidates_02__EXP-MEDIA-045,"AMCU rejects platinum offer, sticking to R12 500 demand",2014,Mining Weekly,https://www.miningweekly.com/article/amcu-rejects-platinum-offer-sticking-to-r12-500-demand-2014-01-31,labour,0.5773,dominant_voice_proxy,0.000,8.200,0.000,19.400,0.000,1,0.51083,4,2,0,-1.73205,0,3,,0.4486,true,stance_readings_disagree_or_low_margin,,
expanded_media_candidates_batch1__EXP-MEDIA-012,Daily Maverick's SA Persons of the Year: The victims of Marikana,2012,Daily Maverick,https://www.dailymaverick.co.za/article/2012-12-31-daily-mavericks-sa-persons-of-the-year-the-victims-of-marikana/,labour,0.1111,dominant_voice_proxy,2.800,1.750,0.700,3.150,0.350,0,-2.48491,0,11,0,-3.16228,0,10,0,1.0000,true,stakeholder_voice_low_confidence,,
expanded_media_candidates_batch1__EXP-MEDIA-024,REPUTATION WRECKING BALL,2012,Mining Weekly,https://www.miningweekly.com/article/reputation-wrecking-ball-2012-09-07,investor,0.7000,dominant_voice_proxy,0.000,0.700,0.000,0.000,0.000,1,0.00000,0,0,1,0.00000,0,0,,0.0000,true,stance_readings_disagree_or_low_margin,,
expanded_media_candidates_batch1__EXP-MEDIA-026,Lonmin says significant safety records achieved at Marikana,2013,Mining Weekly,https://www.miningweekly.com/article/lonmin-says-significant-safety-records-achieved-at-marikana-2013-01-24,investor,0.9598,dominant_voice_proxy,0.000,8.700,0.000,0.350,0.000,1,0.00000,0,0,1,0.00000,0,0,,0.0000,true,stance_readings_disagree_or_low_margin,,
expanded_media_candidates_batch1__EXP-MEDIA-030,"AMCU to serve strike notice on Lonmin, Implats",2014,Mining Weekly,https://www.miningweekly.com/article/amcu-to-serve-strike-notice-on-lonmin-implats-2014-01-17,labour,0.0278,dominant_voice_proxy,0.350,12.250,0.000,12.600,0.000,0,-2.75944,0,4,0,-3.50000,0,4,0,1.0000,true,stakeholder_voice_low_confidence,,(?:strike|protest|unrest|industrial action) | strike
expanded_media_candidates_batch1__EXP-MEDIA-034,"Uphold overwhelming wish of workers to return, pleads Lonmin",2014,Mining Weekly,https://www.miningweekly.com/article/uphold-overwhelming-wish-of-workers-to-return-pleads-lonmin-2014-05-12,labour,0.0112,dominant_voice_proxy,3.550,35.350,0.350,35.750,0.000,0,-3.09104,0,21,0,-3.35890,1,19,0,1.0000,true,stakeholder_voice_low_confidence,,
expanded_media_candidates_batch1__EXP-MEDIA-040,Recovering platinum miner forging ahead,2013,Engineering News,https://www.engineeringnews.co.za/article/recovering-platinum-miner-forging-ahead-2013-03-15,investor,0.4125,dominant_voice_proxy,1.400,33.700,4.600,19.800,0.000,1,0.35667,9,6,0,-0.71744,3,6,,0.2148,true,stance_readings_disagree_or_low_margin,,
expanded_media_candidates_batch1__EXP-MEDIA-043,Profit shifting report false – Lonmin,2014,Engineering News,https://www.engineeringnews.co.za/article/profit-shifting-report-false-lonmin-2014-10-16,investor,0.7570,dominant_voice_proxy,10.350,42.600,0.000,0.000,0.000,1,0.00000,1,1,0,-0.41421,1,2,,0.0828,true,stance_readings_disagree_or_low_margin,,
expanded_media_candidates_batch2__EXP-MEDIA-045,Volatility now plagues platinum miner's housing allocation,2016,Mining Weekly,https://www.miningweekly.com/article/volatility-now-plagues-platinum-miners-housing-allocation-2016-02-05,community,0.3333,dominant_voice_proxy,3.550,0.700,8.550,5.700,0.000,1,0.18232,5,4,0,-1.73205,0,3,,0.3829,true,stance_readings_disagree_or_low_margin,,
expanded_media_candidates_batch2__EXP-MEDIA-050,Lonmin community wants operations suspended on social failings,2017,Mining Weekly,https://www.miningweekly.com/article/lonmin-community-wants-operations-suspended-on-social-failings-2017-10-25,investor,0.1736,dominant_voice_proxy,5.350,14.400,11.900,0.000,2.500,1,0.00000,2,2,0,-0.41421,1,2,,0.0828,true,stance_readings_disagree_or_low_margin,,
EXP-MEDIA-053,What's mine is mine: How the Bapo Ba Mogale got robbed of R800 million,2016,Daily Maverick,https://www.dailymaverick.co.za/article/2016-10-26-whats-mine-is-mine-how-the-bapo-ba-mogale-got-robbed-of-r800-million/,community,0.4922,dominant_voice_proxy,19.500,10.950,38.400,0.000,0.000,0,-0.84730,2,6,1,0.00000,2,2,,0.1695,true,stance_readings_disagree_or_low_margin,,
EXP-MEDIA-064,Sibanye-Stillwater hoists first tons from R4bn 4 000-job K4 platinum project,2022,Engineering News,https://www.engineeringnews.co.za/article/first-tons-hoisted-at-marikanas-top-tier-4-000-job-k4-platinum-project-2022-05-16,investor,0.9653,dominant_voice_proxy,0.350,10.100,0.000,0.000,0.000,0,-0.69315,0,1,1,0.00000,0,0,,0.1386,true,stance_readings_disagree_or_low_margin,,
SAT-EARLY-MEDIA-002,Missing millions from Lonmin fund prompts community pay reform,2016,Mining Weekly / Bloomberg,https://www.miningweekly.com/article/missing-millions-from-lonmin-fund-prompts-community-pay-reform-2016-08-04,community,0.1980,dominant_voice_proxy,5.350,15.800,19.700,0.000,0.000,1,2.06629,4,1,0,-1.00000,0,1,,0.6133,true,stance_readings_disagree_or_low_margin,reform,
SAT-EARLY-MEDIA-005,Bapo cancel protest march against Lonmin after reaching new employment deal,2015,Mining Weekly / African News Agency,https://www.miningweekly.com/article/bapo-cancel-protest-march-against-lonmin-after-reaching-new-employment-deal-2015-06-17,community,0.0695,dominant_voice_proxy,2.500,19.400,20.850,0.000,0.000,0,-1.37314,3,4,0,-2.23205,1,3,0,0.7210,true,stakeholder_voice_low_confidence,,(?:strike|protest|unrest|industrial action) | protest
SAT-EARLY-MEDIA-008,HONOURING AGREEMENTS,2013,Mining Weekly,https://www.miningweekly.com/article/honouring-agreements-2013-03-15,labour,0.4673,dominant_voice_proxy,0.000,2.850,0.000,5.350,0.000,1,1.55547,2,1,0,-1.00000,0,1,,0.5111,true,stance_readings_disagree_or_low_margin,agreement,
SAT-EARLY-MEDIA-012,A tale of two worlds - Sun City and Marikana,2012,Daily Maverick,https://www.dailymaverick.co.za/article/2012-09-03-a-tale-of-two-worlds-sun-city-and-marikana/,government,0.0000,dominant_voice_proxy,1.400,1.400,0.000,1.400,0.000,0,-1.09861,1,5,0,-2.23607,0,5,0,0.6669,true,stakeholder_voice_low_confidence,,
SAT-MEDIA-002,Sibanye-Stillwater defeats mining communities challenging R5.4bn Lonmin merger,2019,Daily Maverick,https://www.dailymaverick.co.za/article/2019-09-09-sibanye-stillwater-defeats-mining-communities-challenging-r5-4bn-lonmin-merger/,investor,0.6518,dominant_voice_proxy,1.050,32.600,11.350,3.200,0.000,1,0.22314,4,3,0,-1.41421,0,2,,0.3275,true,stance_readings_disagree_or_low_margin,,
SAT-MEDIA-013,Sibanye files court papers to oppose application to halt R5.2bn Lonmin merger,2019,Mining Weekly,https://www.miningweekly.com/article/sibanye-files-court-papers-to-oppose-application-to-halt-r52bn-lonmin-merger-2019-08-02,investor,0.4277,dominant_voice_proxy,8.900,15.550,1.400,1.050,0.000,1,0.00000,2,2,0,-0.41421,1,2,,0.0828,true,stance_readings_disagree_or_low_margin,,
SAT-MEDIA-015,Sibanye-Stillwater restructures historical Lonmin BEE structure,2021,Mining Weekly,https://www.miningweekly.com/article/sibanye-stillwater-restructures-historical-lonmin-bee-structure-2021-04-14,investor,1.0000,dominant_voice_proxy,0.000,24.500,0.000,0.000,0.000,1,0.69315,1,0,1,0.00000,0,0,,0.1386,true,stance_readings_disagree_or_low_margin,,
SAT4-MEDIA-007,"Marikana massacre: Ten years on, the truth-tellers still carry the weight of what they uncovered",2022,Daily Maverick,https://www.dailymaverick.co.za/article/2022-08-15-ten-years-on-the-marikana-truth-tellers-still-carry-the-weight-of-what-they-uncovered/,government,0.0839,dominant_voice_proxy,7.750,7.100,4.600,4.950,0.000,0,-4.32805,0,23,0,-5.74264,0,18,0,1.0000,true,stakeholder_voice_low_confidence,,(?:massacre|killings?|shootings?|deaths?|torture) | massacre
SAT4-MEDIA-009,"Lonmin working hard to improve living conditions, says CEO Magara",2016,Engineering News,https://www.engineeringnews.co.za/article/lonmin-working-hard-to-improve-living-conditions-says-ceo-magara-2016-08-16,investor,0.5626,dominant_voice_proxy,0.700,22.750,1.750,9.950,0.350,1,0.00000,4,4,0,-1.73205,0,3,,0.3464,true,stance_readings_disagree_or_low_margin,,
SAT4-MEDIA-011,AMCU signs three-year wage deal with Lonmin,2016,Engineering News,https://www.engineeringnews.co.za/article/amcu-signs-three-year-wage-deal-with-lonmin-2016-10-31,labour,0.2570,dominant_voice_proxy,0.000,18.650,0.000,25.100,0.000,1,0.22314,4,3,0,-1.73205,0,3,,0.3910,true,stance_readings_disagree_or_low_margin,,
SAT5-MEDIA-003,Rights organisations are seeking accountability for failed Marikana housing,2022,Engineering News,https://www.engineeringnews.co.za/article/human-rights-orgs-are-seeking-accountability-for-failed-marikana-housing-2022-08-16,government,0.0277,dominant_voice_proxy,27.100,26.350,2.850,9.250,2.500,0,-1.62000,4,7,0,-2.73154,2,7,0,0.8703,true,stakeholder_voice_low_confidence,,(?:failed|failure|non[- ]compliance|breach|neglect|shortcoming) | failed|failure
SAT7-MEDIA-001,Marikana Commission: Ramaphosa walks the line,2014,Daily Maverick,https://www.dailymaverick.co.za/article/2014-08-13-marikana-commission-ramaphosa-walks-the-line/,government,0.0025,dominant_voice_proxy,20.350,20.300,0.350,19.950,0.000,0,-2.99573,0,19,0,-3.60555,0,13,0,1.0000,true,stakeholder_voice_low_confidence,,
SAT8-MEDIA-006,"Marikana report: Despite the release promise, pressure on Zuma persists",2015,Daily Maverick,https://www.dailymaverick.co.za/article/2015-05-27-marikana-report-despite-the-release-promise-pressure-on-zuma-persists/,labour,0.0757,dominant_voice_proxy,5.650,0.000,3.550,9.250,8.550,0,-2.19722,0,8,0,-2.00000,0,4,0,0.8394,true,stakeholder_voice_low_confidence,,
EXP-NGO-003,Lonmin Social and Labour Plan Analysis: Qualitative and Quantitative Assessment,2014,South African Human Rights Commission / Marikana Commission,https://sahrc.org.za/home/21/files/Lonmin%20Social%20and%20Labour%20Plan%20Analysis%20Qualitative%20and%20Quantitative%20Assessment%20(Final)[1].pdf,government,1.0000,document_author_group,10.000,0.000,0.000,0.000,0.000,1,0.79718,25,36,0,-1.83772,10,25,,0.5270,true,stance_readings_disagree_or_low_margin,social (?:and )?labou?r plan,
EXP-NGO-008,SERI to represent AMCU at the Marikana Commission,2012,Socio-Economic Rights Institute of South Africa,https://www.seri-sa.org/images/stories/seri_mediastatement_amcu_14sep12.pdf,labour,1.0000,document_author_group,0.000,0.000,0.000,10.000,0.000,0,-0.69315,0,1,1,0.00000,0,0,,0.1386,true,stance_readings_disagree_or_low_margin,,
EXP-NGO-010,Police Intimidation of Witnesses at Marikana Commission of Inquiry,2012,Socio-Economic Rights Institute of South Africa,https://abahlali.org/node/9299/,NGO,1.0000,document_author_group,0.000,0.000,0.000,0.000,10.000,1,0.00000,0,0,1,0.00000,0,0,,0.0000,true,stance_readings_disagree_or_low_margin,,
EXP-NGO-024,Families request Marikana Report be released by Friday,2015,SERI / Legal Resources Centre,https://seri-sa.org/images/Marikana_PressStatement_27May15_FINAL.pdf,NGO,1.0000,document_author_group,0.000,0.000,0.000,0.000,10.000,0,-0.69315,0,1,1,0.00000,0,0,,0.1386,true,stance_readings_disagree_or_low_margin,,
SERI-SAT2-001,Department of Justice is Misleading the Public about Marikana Families,2012,Socio-Economic Rights Institute of South Africa,https://www.seri-sa.org/images/stories/press_statement_marikana_28oct12.pdf,NGO,1.0000,document_author_group,0.000,0.000,0.000,0.000,10.000,0,-0.69315,0,1,1,0.00000,0,0,,0.1386,true,stance_readings_disagree_or_low_margin,,
SERI-SAT2-002,SERI to seek international scrutiny of police action by the Marikana Commission of Inquiry,2012,Socio-Economic Rights Institute of South Africa,https://www.seri-sa.org/images/stories/marikana_pressrelease_10oct12.pdf,NGO,1.0000,document_author_group,0.000,0.000,0.000,0.000,10.000,0,-1.09861,0,2,1,0.00000,0,0,,0.2197,true,stance_readings_disagree_or_low_margin,,
expanded_official_candidates__EXP-OFFICIAL-007,Mining & Migrancy,2014,Francis Wilson,https://www.justice.gov.za/comm-mrk/docs/20140409-SeminarPhase02-Wison.pdf,community,0.3333,dominant_voice_proxy,0.700,0.350,1.050,0.350,0.000,1,0.00000,0,0,1,0.00000,0,0,,0.0000,true,stance_readings_disagree_or_low_margin,,
expanded_official_candidates__EXP-OFFICIAL-008,Workers Bypassing Unions: How to Respond?,2014,Ian Macun / Department of Labour,https://www.justice.gov.za/comm-mrk/docs/20140331-SeminarPhase02-platinum.pdf,government,1.0000,document_author_group,10.000,0.000,0.000,0.000,0.000,1,0.00000,5,5,0,-0.58579,2,4,,0.1172,true,stance_readings_disagree_or_low_margin,,
expanded_official_candidates__EXP-OFFICIAL-009,Resolving labour tensions in African mining – the effective regulation of industrial democracy,2014,John Brand,https://www.justice.gov.za/comm-mrk/docs/20140331-SeminarPhase02-SAIIA-Roundtable.pdf,labour,1.0000,dominant_voice_proxy,0.000,0.000,0.000,6.650,0.000,1,0.00000,4,4,0,-1.73205,0,3,,0.3464,true,stance_readings_disagree_or_low_margin,,
expanded_official_candidates__EXP-OFFICIAL-010,Post-apartheid Trade Union Role and Weaknesses,2014,Sakhela Buhlungu / University of Cape Town,https://www.justice.gov.za/comm-mrk/docs/20140331-SeminarPhase02-UCT.pdf,labour,1.0000,document_author_group,0.000,0.000,0.000,10.000,0.000,1,0.00000,1,1,0,-1.00000,0,1,,0.2000,true,stance_readings_disagree_or_low_margin,,
expanded_official_candidates_batch2__EXP-OFFICIAL-012,Statement of Professor Christof Heyns with annexures,2013,Prof Christof Heyns / SAHRC / Marikana Commission,https://www.justice.gov.za/comm-mrk/exhibits/Exhibit-FFF-24.pdf,government,,text_unavailable,,,,,,,,,,,,,,,,true,text_unavailable_at_execution,,
DISC-MEDIA-0002,Lonmin Mining Crisis Precarious Balance No Solution In Sight,2012,Daily Maverick,https://www.dailymaverick.co.za/article/2012-08-15-lonmin-mining-crisis-precarious-balance-no-solution-in-sight/,investor,0.0742,dominant_voice_proxy,8.550,28.300,2.500,26.200,0.000,0,-2.63906,0,13,0,-2.44949,0,6,0,1.0000,true,stakeholder_voice_low_confidence,,
DISC-MEDIA-0008,Analysis A Tough Future For Both Lonmin And Its Metal,2012,Daily Maverick,https://www.dailymaverick.co.za/article/2012-08-21-analysis-a-tough-future-for-both-lonmin-and-its-metal/,investor,0.1142,dominant_voice_proxy,4.250,23.200,0.700,20.550,0.000,0,-1.54045,2,13,0,-3.31662,0,11,0,0.9714,true,stakeholder_voice_low_confidence,,
DISC-MEDIA-0013,Marikana Zuma Reclaims His Soul And His Presidency,2012,Daily Maverick,https://www.dailymaverick.co.za/article/2012-08-23-marikana-zuma-reclaims-his-soul-and-his-presidency/,labour,0.0705,dominant_voice_proxy,13.850,5.350,6.400,14.900,0.000,0,-2.01490,1,14,0,-3.16228,0,10,0,1.0000,true,stakeholder_voice_low_confidence,,
DISC-MEDIA-0015,Reporters Notebook Num Drowned Out At Uj Meeting On Marikana,2012,Daily Maverick,https://www.dailymaverick.co.za/article/2012-08-23-reporters-notebook-num-drowned-out-at-uj-meeting-on-marikana/,labour,0.1168,dominant_voice_proxy,4.250,6.050,3.200,6.850,0.000,0,-0.81093,3,8,0,-2.64575,0,7,0,0.6913,true,stakeholder_voice_low_confidence,,
DISC-MEDIA-0314,The Irony Of Lonmin An Award Winning Sustainable Investment,2012,Daily Maverick,https://www.dailymaverick.co.za/opinionista/2012-08-27-the-irony-of-lonmin-an-award-winning-sustainable-investment/,investor,0.6468,dominant_voice_proxy,0.350,10.050,3.550,2.850,0.000,1,0.28768,3,2,0,-0.41421,1,2,,0.1404,true,stance_readings_disagree_or_low_margin,,
DISC-MEDIA-0035,Marikana Strikers Send Down Tools Or Else Message To Remaining Lonmin Employees,2012,Daily Maverick,https://www.dailymaverick.co.za/article/2012-09-06-marikana-strikers-send-down-tools-or-else-message-to-remaining-lonmin-employees/,labour,0.0878,dominant_voice_proxy,2.800,9.350,1.050,10.250,0.000,0,-2.94176,1,11,0,-4.81662,0,11,0,1.0000,true,stakeholder_voice_low_confidence,,(?:strike|protest|unrest|industrial action) | strike
DISC-MEDIA-0039,Plotting Sas Post Marikana Scenarios Grim Pictures Dominate,2012,Daily Maverick,https://www.dailymaverick.co.za/article/2012-09-11-plotting-sas-post-marikana-scenarios-grim-pictures-dominate/,labour,0.1111,dominant_voice_proxy,2.800,1.750,0.350,3.150,0.000,0,-2.07944,0,7,0,-2.44949,0,6,0,0.9058,true,stakeholder_voice_low_confidence,,
DISC-MEDIA-0321,Marikana Persists Remember The Rule Of Law,2012,Daily Maverick,https://www.dailymaverick.co.za/opinionista/2012-09-12-marikana-persists-remember-the-rule-of-law/,government,0.8000,dominant_voice_proxy,3.500,0.000,0.350,0.700,0.000,0,-0.40547,1,2,1,0.00000,2,2,,0.0811,true,stance_readings_disagree_or_low_margin,,
DISC-MEDIA-0043,How Sam The Banana Man Zemurray Explains Capitalism And Marikana,2012,Daily Maverick,https://www.dailymaverick.co.za/article/2012-09-17-how-sam-the-banana-man-zemurray-explains-capitalism-and-marikana/,government,0.5852,dominant_voice_proxy,6.750,2.800,0.000,0.700,0.000,1,0.28768,3,2,1,0.00000,1,1,,0.0575,true,stance_readings_disagree_or_low_margin,,
DISC-MEDIA-0048,Reporters Marikana Notebook Police Intimidation 1 Abandoned Community 0,2012,Daily Maverick,https://www.dailymaverick.co.za/article/2012-09-17-reporters-marikana-notebook-police-intimidation-1-abandoned-community-0/,government,0.6923,dominant_voice_proxy,24.700,0.350,7.600,0.350,0.000,1,0.00000,5,5,0,-1.73205,0,3,,0.3464,true,stance_readings_disagree_or_low_margin,,
DISC-MEDIA-0049,Cosatu Congress Allies Talk About Marikana And The Enemies Of The Struggle,2012,Daily Maverick,https://www.dailymaverick.co.za/article/2012-09-18-cosatu-congress-allies-talk-about-marikana-and-the-enemies-of-the-struggle/,labour,0.0802,dominant_voice_proxy,7.450,1.400,3.200,8.100,0.000,0,-1.79176,1,11,0,-3.16228,0,10,0,0.9908,true,stakeholder_voice_low_confidence,,
DISC-MEDIA-0063,Police To People Of Makause March And Therell Be Another Marikana,2012,Daily Maverick,https://www.dailymaverick.co.za/article/2012-10-05-police-to-people-of-makause-march-and-therell-be-another-marikana/,government,0.3478,dominant_voice_proxy,40.400,2.500,26.350,0.000,0.000,1,0.11778,8,7,0,-0.23607,4,5,,0.0708,true,stance_readings_disagree_or_low_margin,,
DISC-MEDIA-0322,Water Fail Farlam Commission Bows To Industry Secrecy,2012,Daily Maverick,https://www.dailymaverick.co.za/opinionista/2012-10-10-water-fail-farlam-commission-bows-to-industry-secrecy/,government,0.4682,dominant_voice_proxy,8.650,4.600,1.750,0.000,0.700,1,0.51083,9,5,0,-2.23607,0,5,,0.5494,true,stance_readings_disagree_or_low_margin,,
DISC-MEDIA-0069,Marikana Commission Check Book Justice As Dead Miners Families Must Pay Their Own Way,2012,Daily Maverick,https://www.dailymaverick.co.za/article/2012-10-29-marikana-commission-check-book-justice-as-dead-miners-families-must-pay-their-own-way/,community,0.3338,dominant_voice_proxy,25.750,0.350,38.650,0.000,10.000,0,-1.38629,0,3,1,0.73205,3,1,,0.4237,true,stance_readings_disagree_or_low_margin,,
DISC-MEDIA-0085,Marikana Commission Joseph Mathunjwa Locks Horns With Police,2012,Daily Maverick,https://www.dailymaverick.co.za/article/2012-11-30-marikana-commission-joseph-mathunjwa-locks-horns-with-police/,labour,0.1029,dominant_voice_proxy,17.000,0.350,0.000,18.950,0.000,0,-1.50408,1,8,0,-2.82843,0,8,0,0.8665,true,stakeholder_voice_low_confidence,,
DISC-MEDIA-0087,Union Poster Feel It Western Cape Marikana Is Here,2012,Daily Maverick,https://www.dailymaverick.co.za/article/2012-11-30-union-poster-feel-it-western-cape-marikana-is-here/,government,0.0245,dominant_voice_proxy,8.150,2.850,2.500,7.950,0.000,0,-2.39790,0,10,0,-2.23607,0,5,0,0.9268,true,stakeholder_voice_low_confidence,,
SEC-MEDIA-0264,Amplats Signs With Amcu,2013,Engineering News,https://www.engineeringnews.co.za/article/amplats-signs-with-amcu-2013-03-04,labour,0.9402,dominant_voice_proxy,0.000,2.100,0.000,35.100,0.000,0,-0.40547,1,2,0,-0.41421,1,2,,0.1639,true,stance_readings_disagree_or_low_margin,,
DISC-MEDIA-0108,In Pictures The Children Of Marikana,2013,Daily Maverick,https://www.dailymaverick.co.za/article/2013-04-12-in-pictures-the-children-of-marikana/,labour,0.0897,dominant_voice_proxy,0.000,3.550,1.050,3.900,0.350,0,-1.38629,0,3,0,-1.41421,0,2,0,0.5601,true,stakeholder_voice_low_confidence,,
DISC-MEDIA-0575,Marikana Tradgedy Has Changed Industry Forever Consultancy,2013,Engineering News,https://www.engineeringnews.co.za/article/marikana-tradgedy-has-changed-industry-forever-consultancy-2013-04-26,labour,0.4155,dominant_voice_proxy,6.050,3.200,0.350,10.350,0.000,1,0.00000,0,0,1,0.00000,0,0,,0.0000,true,stance_readings_disagree_or_low_margin,,
DISC-MEDIA-0113,Marikana Unfreedom Day Land Occupation Ends In Violent Workers Day Eviction,2013,Daily Maverick,https://www.dailymaverick.co.za/article/2013-05-02-marikana-unfreedom-day-land-occupation-ends-in-violent-workers-day-eviction/,government,0.0000,dominant_voice_proxy,6.300,0.000,6.300,4.050,0.000,0,-2.80823,3,20,0,-5.24166,0,14,0,1.0000,true,stakeholder_voice_low_confidence,,(?:eviction|displacement|forced removal) | evict
SEC-MEDIA-0241,Amcu To Submit Labour Demands Directly To Companies,2013,Engineering News,https://www.engineeringnews.co.za/article/amcu-to-submit-labour-demands-directly-to-companies-2013-05-09,labour,0.3929,dominant_voice_proxy,2.850,11.050,0.000,18.200,0.000,1,0.84730,6,2,0,-1.41421,0,2,,0.4523,true,stance_readings_disagree_or_low_margin,,
DISC-MEDIA-0530,Lonmin Welcomes Amcus Referral Of Union Negotiations To Ccma,2013,Engineering News,https://www.engineeringnews.co.za/article/lonmin-welcomes-amcus-referral-of-union-negotiations-to-ccma-2013-05-09,investor,0.1151,dominant_voice_proxy,2.500,12.600,0.000,11.150,0.000,1,1.79176,5,0,1,0.00000,0,0,1,0.3584,true,stakeholder_voice_low_confidence,,
DISC-MEDIA-0540,Lonmins Strike Ends Amplats Braced For Trouble,2013,Engineering News,https://www.engineeringnews.co.za/article/lonmins-strike-ends-amplats-braced-for-trouble-2013-05-16,labour,0.0719,dominant_voice_proxy,0.350,13.550,0.000,14.600,0.000,0,-3.22944,0,7,0,-4.14575,0,7,0,1.0000,true,stakeholder_voice_low_confidence,,(?:strike|protest|unrest|industrial action) | strike
DISC-MEDIA-0121,The Other Marikana,2013,Daily Maverick,https://www.dailymaverick.co.za/article/2013-06-21-the-other-marikana/,government,0.0000,dominant_voice_proxy,3.550,0.000,3.550,0.000,0.000,0,-0.51083,2,4,0,-2.00000,0,4,0,0.5022,true,stakeholder_voice_low_confidence,,
SEC-MEDIA-0184,Amcu Outdoes Num Demands 150 Pay Rise For Entry Level Gold Miners,2013,Engineering News,https://www.engineeringnews.co.za/article/amcu-outdoes-num-demands-150-pay-rise-for-entry-level-gold-miners-2013-06-25,labour,0.8736,dominant_voice_proxy,0.000,5.700,0.350,45.100,0.000,1,0.22314,4,3,0,-1.41421,0,2,,0.3275,true,stance_readings_disagree_or_low_margin,,
DISC-MEDIA-0495,Lonmin Says Amcu Arbitration Postponed Until July,2013,Engineering News,https://www.engineeringnews.co.za/article/lonmin-says-amcu-arbitration-postponed-until-july-2013-06-26,labour,0.3233,dominant_voice_proxy,0.700,11.200,0.000,16.550,0.000,1,0.69315,3,1,0,-1.00000,0,1,,0.3386,true,stance_readings_disagree_or_low_margin,,
DISC-MEDIA-0497,Lonmin Says Num Brings Court Application Date Set For July 10,2013,Engineering News,https://www.engineeringnews.co.za/article/lonmin-says-num-brings-court-application-date-set-for-july-10-2013-07-08,labour,0.3679,dominant_voice_proxy,0.350,18.300,0.000,28.950,0.000,1,0.69315,3,1,0,-1.00000,0,1,,0.3386,true,stance_readings_disagree_or_low_margin,,
DISC-MEDIA-0331,2014 The Marikana Vote,2013,Daily Maverick,https://www.dailymaverick.co.za/opinionista/2013-08-15-2014-the-marikana-vote/,government,0.0902,dominant_voice_proxy,6.650,6.050,0.350,6.000,0.000,0,-3.13549,0,22,0,-4.00000,0,16,0,1.0000,true,stakeholder_voice_low_confidence,,
DISC-MEDIA-0631,Several Labour Lessons Learnt From Marikana Tragedy Mpofu,2013,Engineering News,https://www.engineeringnews.co.za/article/several-labour-lessons-learnt-from-marikana-tragedy-mpofu-2013-09-04,labour,0.5447,dominant_voice_proxy,10.700,4.250,0.000,23.500,0.000,1,0.69315,1,0,0,-1.00000,0,1,,0.3386,true,stance_readings_disagree_or_low_margin,,
DISC-MEDIA-0138,The State Vs The People Vs The Police Finally Court Victory For Marikana Survivors,2013,Daily Maverick,https://www.dailymaverick.co.za/article/2013-10-15-the-state-vs-the-people-vs-the-police-finally-court-victory-for-marikana-survivors/,government,0.8995,dominant_voice_proxy,41.800,3.200,1.050,4.200,0.000,0,-0.28768,2,3,0,-0.41421,1,2,,0.1404,true,stance_readings_disagree_or_low_margin,,
DISC-MEDIA-0659,Solidarity Rejects Lonmin Wage Offer,2013,Engineering News,https://www.engineeringnews.co.za/article/solidarity-rejects-lonmin-wage-offer-2013-10-31,investor,0.0831,dominant_voice_proxy,0.000,18.650,2.500,17.100,0.000,0,-0.28768,2,3,1,0.00000,2,2,,0.0575,true,stance_readings_disagree_or_low_margin,,
DISC-MEDIA-0140,Seris Fight For Justice And Reconciliation From The Trc To Farlam,2013,Daily Maverick,https://www.dailymaverick.co.za/article/2013-11-28-seris-fight-for-justice-and-reconciliation-from-the-trc-to-farlam/,government,0.2159,dominant_voice_proxy,11.350,3.550,8.900,2.500,6.750,0,-2.19722,0,8,1,2.14575,7,4,,0.8686,true,stance_readings_disagree_or_low_margin,(?:healing|renewal|reconciliation|remediation|redress|compensation|restorative),
SEC-MEDIA-0516,Sa Platinum Firms To Meet Mediators Tuesday Amcu,2014,Engineering News,https://www.engineeringnews.co.za/article/sa-platinum-firms-to-meet-mediators-tuesday-amcu-2014-02-10,labour,0.7912,dominant_voice_proxy,2.850,1.400,0.000,13.650,0.000,0,-0.40547,1,2,0,-0.41421,1,2,,0.1639,true,stance_readings_disagree_or_low_margin,,
SEC-MEDIA-0292,Ccma Amcu To Meet On Friday,2014,Engineering News,https://www.engineeringnews.co.za/article/ccma-amcu-to-meet-on-friday-2014-02-13,labour,0.8478,dominant_voice_proxy,0.350,1.050,0.000,6.900,0.000,1,0.00000,0,0,1,0.00000,0,0,,0.0000,true,stance_readings_disagree_or_low_margin,,
SEC-MEDIA-0317,Dol Denies Amcu Deregistration Claims,2014,Engineering News,https://www.engineeringnews.co.za/article/dol-denies-amcu-deregistration-claims-2014-02-13,labour,0.7424,dominant_voice_proxy,2.500,4.250,0.000,16.500,0.000,0,-0.40547,1,2,0,-0.41421,1,2,,0.1639,true,stance_readings_disagree_or_low_margin,,
SEC-MEDIA-0147,Amcu Ccma Talks Postponed Until Monday,2014,Engineering News,https://www.engineeringnews.co.za/article/amcu-ccma-talks-postponed-until-monday-2014-02-14,labour,0.8478,dominant_voice_proxy,0.350,1.050,0.000,6.900,0.000,1,0.00000,0,0,1,0.00000,0,0,,0.0000,true,stance_readings_disagree_or_low_margin,,
DISC-MEDIA-0448,Lonmin Denies Media Claims Of Rebuff By Marikana Community Over Equity,2014,Engineering News,https://www.engineeringnews.co.za/article/lonmin-denies-media-claims-of-rebuff-by-marikana-community-over-equity-2014-02-28,investor,0.3968,dominant_voice_proxy,0.000,12.600,7.600,0.000,0.000,1,0.00000,0,0,1,0.00000,0,0,,0.0000,true,stance_readings_disagree_or_low_margin,,
SEC-MEDIA-0014,In Pictures Amcu Takes To The Union Buildings,2014,Daily Maverick,https://www.dailymaverick.co.za/article/2014-03-07-in-pictures-amcu-takes-to-the-union-buildings/,labour,0.8150,dominant_voice_proxy,3.200,2.500,0.000,17.300,0.000,0,-0.69315,0,1,1,0.00000,0,0,,0.1386,true,stance_readings_disagree_or_low_margin,,
SEC-MEDIA-0489,Platinum Strike Slashes Amplats Q1 Output By 39,2014,Engineering News,https://www.engineeringnews.co.za/article/platinum-strike-slashes-amplats-q1-output-by-39-2014-04-24,investor,0.0156,dominant_voice_proxy,0.000,3.200,0.000,3.150,0.000,0,-2.94176,1,11,0,-4.81662,0,11,0,1.0000,true,stakeholder_voice_low_confidence,,(?:strike|protest|unrest|industrial action) | strike
SEC-MEDIA-0520,Safricas Amcu Says Wage Offer May Not Be Ready For Vote,2014,Engineering News,https://www.engineeringnews.co.za/article/safricas-amcu-says-wage-offer-may-not-be-ready-for-vote-2014-04-24,labour,0.9375,dominant_voice_proxy,0.000,0.700,0.000,11.200,0.000,1,0.00000,0,0,1,0.00000,0,0,,0.0000,true,stance_readings_disagree_or_low_margin,,
DISC-MEDIA-0386,Community Lonmin To Pursue Equity Trust For Development,2014,Engineering News,https://www.engineeringnews.co.za/article/community-lonmin-to-pursue-equity-trust-for-development-2014-05-02,community,0.0000,dominant_voice_proxy,0.000,4.750,4.750,0.000,0.000,1,1.09861,2,0,1,2.91421,2,0,1,0.8026,true,stakeholder_voice_low_confidence,"(?:community|stakeholder).{0,35}(?:agreement|consent|engagement|participation|consultation|benefit|development)",
SEC-MEDIA-0497,Producers To Oppose Amcu Direct Communication Court Application,2014,Engineering News,https://www.engineeringnews.co.za/article/producers-to-oppose-amcu-direct-communication-court-application-2014-05-14,labour,0.6259,dominant_voice_proxy,2.500,10.700,0.000,28.600,0.000,1,0.00000,2,2,0,-1.41421,0,2,,0.2828,true,stance_readings_disagree_or_low_margin,,
SEC-MEDIA-0429,Nedlac Wants Platinum Strike Resolved,2014,Engineering News,https://www.engineeringnews.co.za/article/nedlac-wants-platinum-strike-resolved-2014-05-19,government,0.0200,dominant_voice_proxy,2.500,0.700,0.350,2.450,0.000,0,-2.75944,0,4,0,-3.50000,0,4,0,1.0000,true,stakeholder_voice_low_confidence,,(?:strike|protest|unrest|industrial action) | strike
SEC-MEDIA-0258,Amplats Implats Refute Amcu Tax Wage Evasion Claims,2014,Engineering News,https://www.engineeringnews.co.za/article/amplats-implats-refute-amcu-tax-wage-evasion-claims-2014-05-30,labour,0.3876,dominant_voice_proxy,0.700,6.400,0.000,10.450,0.000,1,0.00000,1,1,0,-1.00000,0,1,,0.2000,true,stance_readings_disagree_or_low_margin,,
SEC-MEDIA-0392,Labour Court Rules Against Amcu,2014,Engineering News,https://www.engineeringnews.co.za/article/labour-court-rules-against-amcu-2014-06-02,labour,0.6568,dominant_voice_proxy,0.000,6.400,0.000,18.650,0.000,1,0.00000,1,1,0,-1.00000,0,1,,0.2000,true,stance_readings_disagree_or_low_margin,,
SEC-MEDIA-0417,Mining Companies Reviewing Amcu Response To Wage Offer,2014,Engineering News,https://www.engineeringnews.co.za/article/mining-companies-reviewing-amcu-response-to-wage-offer-2014-06-17,labour,0.8699,dominant_voice_proxy,0.000,2.850,0.000,21.900,0.000,1,0.00000,1,1,0,-1.00000,0,1,,0.2000,true,stance_readings_disagree_or_low_margin,,
SEC-MEDIA-0237,Amcu To Meet With Members To Discuss Companies Response,2014,Engineering News,https://www.engineeringnews.co.za/article/amcu-to-meet-with-members-to-discuss-companies-response-2014-06-23,labour,0.5773,dominant_voice_proxy,0.000,8.200,0.000,19.400,0.000,1,0.00000,2,2,0,-1.41421,0,2,,0.2828,true,stance_readings_disagree_or_low_margin,,
SEC-MEDIA-0030,Groundup Who Won The Platinum Strike The Figures Speak.,2014,Daily Maverick,https://www.dailymaverick.co.za/article/2014-06-27-groundup-who-won-the-platinum-strike-the-figures-speak./,labour,0.7560,dominant_voice_proxy,0.000,4.550,0.000,18.650,0.000,1,0.23629,23,5,0,-4.14575,0,7,,0.8764,true,stance_readings_disagree_or_low_margin,,(?:strike|protest|unrest|industrial action) | strike
SEC-MEDIA-0117,Lessons From The Platinum Strike The Poison Of Inequality,2014,Daily Maverick,https://www.dailymaverick.co.za/opinionista/2014-07-01-lessons-from-the-platinum-strike-the-poison-of-inequality/,labour,0.0982,dominant_voice_proxy,0.000,7.350,0.000,8.150,0.000,0,-1.66083,2,4,0,-3.73607,0,5,0,1.0000,true,stakeholder_voice_low_confidence,,(?:strike|protest|unrest|industrial action) | strike
DISC-MEDIA-0161,The Buffalo Prince And The Marikana Commission,2014,Daily Maverick,https://www.dailymaverick.co.za/article/2014-08-11-the-buffalo-prince-and-the-marikana-commission/,government,0.0886,dominant_voice_proxy,13.550,12.350,0.700,8.400,0.350,0,-3.36730,0,28,0,-4.47214,0,20,0,1.0000,true,stakeholder_voice_low_confidence,,
DISC-MEDIA-0336,Without A Trace Lonmins Bermuda Connection,2014,Daily Maverick,https://www.dailymaverick.co.za/opinionista/2014-09-19-without-a-trace-lonmins-bermuda-connection/,investor,0.7164,dominant_voice_proxy,3.900,13.750,0.350,0.700,0.000,1,0.40547,2,1,0,-1.00000,0,1,,0.2811,true,stance_readings_disagree_or_low_margin,,
DISC-MEDIA-0172,Marikana Dont Touch Lonmin On Its Bermuda,2014,Daily Maverick,https://www.dailymaverick.co.za/article/2014-10-12-marikana-dont-touch-lonmin-on-its-bermuda/,investor,0.7316,dominant_voice_proxy,4.200,15.650,0.700,2.100,0.000,0,-1.09861,0,2,1,0.00000,0,0,,0.2197,true,stance_readings_disagree_or_low_margin,,
DISC-MEDIA-0175,Marikana Lonmins Broken Promises,2014,Daily Maverick,https://www.dailymaverick.co.za/article/2014-11-05-marikana-lonmins-broken-promises/,investor,0.7627,dominant_voice_proxy,0.000,8.850,1.750,2.100,0.000,1,0.40547,2,1,0,-1.00000,0,1,,0.2811,true,stance_readings_disagree_or_low_margin,,
DISC-MEDIA-0179,Marikana Commission Compensate The Relatives,2014,Daily Maverick,https://www.dailymaverick.co.za/article/2014-11-14-marikana-commission-compensate-the-relatives/,government,0.6743,dominant_voice_proxy,28.250,8.500,9.200,4.600,3.200,0,-0.28768,11,15,1,0.86714,11,6,,0.2310,true,stance_readings_disagree_or_low_margin,,
DISC-MEDIA-0595,Num To Fight Lonmin Job Losses,2015,Engineering News,https://www.engineeringnews.co.za/article/num-to-fight-lonmin-job-losses-2015-05-08,investor,0.1150,dominant_voice_proxy,0.000,18.700,0.000,16.550,0.000,0,-2.53629,0,3,0,-3.23205,0,3,0,1.0000,true,stakeholder_voice_low_confidence,,(?:retrenchment|job losses|layoffs) | job losses
DISC-MEDIA-0188,Parliament Diary Placards A Date For The Marikana Report And An F Bomb,2015,Daily Maverick,https://www.dailymaverick.co.za/article/2015-05-26-parliament-diary-placards-a-date-for-the-marikana-report-and-an-f-bomb/,government,0.1857,dominant_voice_proxy,3.500,0.000,0.000,2.850,0.000,0,-1.09861,0,2,1,0.00000,0,0,,0.2197,true,stance_readings_disagree_or_low_margin,,
DISC-MEDIA-0340,Marikana The Breakdown In More Ways Than One,2015,Daily Maverick,https://www.dailymaverick.co.za/opinionista/2015-06-02-marikana-the-breakdown-in-more-ways-than-one/,investor,0.0100,dominant_voice_proxy,4.200,5.000,4.600,4.950,0.000,0,-2.83321,0,16,0,-3.16228,0,10,0,1.0000,true,stakeholder_voice_low_confidence,,
DISC-MEDIA-0465,Lonmin Launches Youth Training Programme,2015,Engineering News,https://www.engineeringnews.co.za/article/lonmin-launches-youth-training-programme-2015-06-19,community,0.3125,dominant_voice_proxy,0.000,4.400,6.400,0.000,0.000,0,-1.09861,0,2,1,1.41421,2,0,,0.5026,true,stance_readings_disagree_or_low_margin,,
DISC-MEDIA-0342,South Africa Post Marikana Report Still Waiting For Leadership,2015,Daily Maverick,https://www.dailymaverick.co.za/opinionista/2015-06-29-south-africa-post-marikana-report-still-waiting-for-leadership/,government,0.5000,dominant_voice_proxy,1.400,0.000,0.700,0.350,0.000,1,0.40547,2,1,1,0.00000,0,0,,0.0811,true,stance_readings_disagree_or_low_margin,,
DISC-MEDIA-0398,Farlam Report Raises Issues About Mining Stability As A Whole,2015,Engineering News,https://www.engineeringnews.co.za/article/farlam-report-raises-issues-about-mining-stability-as-a-whole-2015-06-29,government,0.0433,dominant_voice_proxy,33.500,32.050,0.700,4.950,11.050,0,-1.16315,4,15,0,-2.32744,2,14,0,0.6981,true,stakeholder_voice_low_confidence,,
DISC-MEDIA-0198,Podcast Marikana The Fallout,2015,Daily Maverick,https://www.dailymaverick.co.za/article/2015-07-01-podcast-marikana-the-fallout/,community,0.0000,dominant_voice_proxy,0.000,0.000,0.350,0.350,0.000,0,-0.69315,0,1,0,-1.00000,0,1,0,0.3386,true,stakeholder_voice_low_confidence,,
DISC-MEDIA-0206,Marikana I Dont See Any Difference In Living Conditions,2015,Daily Maverick,https://www.dailymaverick.co.za/article/2015-08-18-marikana-i-dont-see-any-difference-in-living-conditions/,community,0.1406,dominant_voice_proxy,7.100,11.000,12.800,1.750,0.000,1,0.00000,10,10,0,-2.16228,1,10,,0.4325,true,stance_readings_disagree_or_low_margin,,
DISC-MEDIA-0565,Marikana Legal Aid What We Wanted Organisation,2015,Engineering News,https://www.engineeringnews.co.za/article/marikana-legal-aid-what-we-wanted-organisation-2015-09-25,investor,0.6316,dominant_voice_proxy,1.050,2.850,0.000,0.000,0.000,1,0.00000,1,1,0,-1.00000,0,1,,0.2000,true,stance_readings_disagree_or_low_margin,,
DISC-MEDIA-0493,Lonmin Rights Issue Undersubscribed,2015,Engineering News,https://www.engineeringnews.co.za/article/lonmin-rights-issue-undersubscribed-2015-12-11,investor,0.9429,dominant_voice_proxy,0.000,12.250,0.700,0.000,0.000,1,0.69315,1,0,1,0.00000,0,0,,0.1386,true,stance_readings_disagree_or_low_margin,,
DISC-MEDIA-0411,Independent Panel Of Experts To Help Implement Farlam Commission Findings,2016,Engineering News,https://www.engineeringnews.co.za/article/independent-panel-of-experts-to-help-implement-farlam-commission-findings-2016-01-25,government,0.9412,dominant_voice_proxy,11.900,0.700,0.000,0.350,0.000,0,-1.09861,0,2,1,0.00000,1,1,,0.2197,true,stance_readings_disagree_or_low_margin,,
DISC-MEDIA-0453,Lonmin Employee Dies After Fall Of Ground,2016,Engineering News,https://www.engineeringnews.co.za/article/lonmin-employee-dies-after-fall-of-ground-2016-07-04,investor,0.1728,dominant_voice_proxy,0.350,4.050,0.700,3.350,0.000,1,0.00000,0,0,1,0.00000,0,0,,0.0000,true,stance_readings_disagree_or_low_margin,,
DISC-MEDIA-0437,Lonmin Community Builds Leader A Palace With Funds Probe Finds,2016,Engineering News,https://www.engineeringnews.co.za/article/lonmin-community-builds-leader-a-palace-with-funds-probe-finds-2016-08-01,community,0.3627,dominant_voice_proxy,0.000,9.400,14.750,0.000,0.000,1,0.00000,0,0,1,0.00000,0,0,,0.0000,true,stance_readings_disagree_or_low_margin,,
DISC-MEDIA-0374,Amnesty Condemns Lonmin Housing As Miner Sees More Spending Cuts,2016,Engineering News,https://www.engineeringnews.co.za/article/amnesty-condemns-lonmin-housing-as-miner-sees-more-spending-cuts-2016-08-15,investor,0.3472,dominant_voice_proxy,8.200,24.050,0.000,15.700,0.000,1,0.40547,5,3,0,-1.73205,0,3,,0.4275,true,stance_readings_disagree_or_low_margin,,
DISC-MEDIA-0607,Poverty Led To Marikana Tragedy Says Mahumapelo,2016,Engineering News,https://www.engineeringnews.co.za/article/poverty-led-to-marikana-tragedy-says-mahumapelo-2016-12-05,labour,0.1157,dominant_voice_proxy,0.700,1.050,5.350,6.050,0.000,1,0.00000,3,3,1,0.50402,5,3,,0.1008,true,stance_readings_disagree_or_low_margin,,
DISC-MEDIA-0225,Marikana Lonmin Defends Housing Plan,2016,Daily Maverick,https://www.dailymaverick.co.za/article/2016-12-13-marikana-lonmin-defends-housing-plan/,investor,0.6304,dominant_voice_proxy,11.750,48.300,17.850,17.100,0.000,1,0.47000,7,4,1,0.00000,3,3,,0.0940,true,stance_readings_disagree_or_low_margin,,
DISC-MEDIA-0604,Platinum Price Upturn Needed To Sustain Industry Lonmin,2017,Engineering News,https://www.engineeringnews.co.za/article/platinum-price-upturn-needed-to-sustain-industry-lonmin-2017-01-20,investor,0.8974,dominant_voice_proxy,1.400,13.650,0.350,0.000,0.000,0,-0.40547,1,2,1,0.00000,1,1,,0.0811,true,stance_readings_disagree_or_low_margin,,
DISC-MEDIA-0230,Groundup Marikana Cape Town Lawyer Calls For State To Expropriate Land,2017,Daily Maverick,https://www.dailymaverick.co.za/article/2017-02-13-groundup-marikana-cape-town-lawyer-calls-for-state-to-expropriate-land/,government,0.4734,dominant_voice_proxy,16.900,0.000,8.900,2.500,2.500,1,0.00000,3,3,0,-1.41421,0,2,,0.2828,true,stance_readings_disagree_or_low_margin,,
DISC-MEDIA-0404,Government Confirms Lawsuits From Marikana Victims Total Close To R12Bn,2017,Engineering News,https://www.engineeringnews.co.za/article/government-confirms-lawsuits-from-marikana-victims-total-close-to-r12bn-2017-03-15,government,0.9114,dominant_voice_proxy,11.850,0.350,1.050,0.000,0.000,0,-0.40547,3,5,0,-0.31784,2,3,,0.1447,true,stance_readings_disagree_or_low_margin,,
DISC-MEDIA-0541,Lonminshowcases Career Opportunities Beyond Mining To Youth,2017,Engineering News,https://www.engineeringnews.co.za/article/lonminshowcases-career-opportunities-beyond-mining-to-youth-2017-06-30,investor,0.1183,dominant_voice_proxy,2.850,8.450,7.450,0.350,0.000,0,-0.22314,3,4,1,0.00000,2,2,,0.0446,true,stance_readings_disagree_or_low_margin,,
DISC-MEDIA-0657,Solidarity Concerned Over Loss Of Recognition At Lonmin,2017,Engineering News,https://www.engineeringnews.co.za/article/solidarity-concerned-over-loss-of-recognition-at-lonmin-2017-08-07,investor,0.1463,dominant_voice_proxy,0.000,6.150,0.000,5.250,0.000,0,-1.09861,0,2,1,0.00000,0,0,,0.2197,true,stance_readings_disagree_or_low_margin,,
DISC-MEDIA-0241,Anc Leadership Race Dlamini Zumas Incredible Marikana Misstep,2017,Daily Maverick,https://www.dailymaverick.co.za/article/2017-08-24-anc-leadership-race-dlamini-zumas-incredible-marikana-misstep/,community,0.0000,dominant_voice_proxy,0.700,0.350,0.700,0.000,0.000,0,-1.60944,0,4,0,-1.73205,0,3,0,0.6683,true,stakeholder_voice_low_confidence,,
DISC-MEDIA-0242,Groundup Marikana Lonmins Dodgy Housing Record,2017,Daily Maverick,https://www.dailymaverick.co.za/article/2017-09-04-groundup-marikana-lonmins-dodgy-housing-record/,investor,0.4814,dominant_voice_proxy,15.300,29.500,3.900,8.100,0.350,1,1.01160,10,3,0,-1.73205,0,3,,0.5487,true,stance_readings_disagree_or_low_margin,,
DISC-MEDIA-0243,Groundup Facts And Myths About The Judgment On The Marikana Informal Settlement In Philippi,2017,Daily Maverick,https://www.dailymaverick.co.za/article/2017-09-06-groundup-facts-and-myths-about-the-judgment-on-the-marikana-informal-settlement-in-philippi/,community,0.5000,dominant_voice_proxy,1.050,0.000,2.100,0.000,0.000,1,1.68900,11,6,0,-0.41421,1,2,,0.4206,true,stance_readings_disagree_or_low_margin,settlement,
DISC-MEDIA-0248,Groundup Police Dont Listen To Us Marikana Residents Tell Fikile Mbalula,2017,Daily Maverick,https://www.dailymaverick.co.za/article/2017-10-04-groundup-police-dont-listen-to-us-marikana-residents-tell-fikile-mbalula/,government,0.4647,dominant_voice_proxy,38.200,0.000,20.450,0.000,0.000,1,0.33647,6,4,0,-1.41421,0,2,,0.3501,true,stance_readings_disagree_or_low_margin,,
DISC-MEDIA-0250,Cape Town Paying The Price To Live In Marikana,2017,Daily Maverick,https://www.dailymaverick.co.za/article/2017-10-06-cape-town-paying-the-price-to-live-in-marikana/,government,0.0299,dominant_voice_proxy,11.700,0.000,11.350,0.000,0.000,0,-1.29928,2,10,0,-2.64575,0,7,0,0.7890,true,stakeholder_voice_low_confidence,,
DISC-MEDIA-0660,Solidarity Requests Labour Court To Review Lonmins Withdrawal Of Solidaritys Rights Recognition,2017,Engineering News,https://www.engineeringnews.co.za/article/solidarity-requests-labour-court-to-review-lonmins-withdrawal-of-solidaritys-rights-recognition-2017-10-24,labour,0.0397,dominant_voice_proxy,2.500,18.150,0.000,18.900,0.000,0,-0.18232,4,5,0,-0.73205,1,3,0,0.1829,true,stakeholder_voice_low_confidence,,
DISC-MEDIA-0619,Retention Of Jobs Critical Following Sibanye Lonmin Deal Zwane,2017,Engineering News,https://www.engineeringnews.co.za/article/retention-of-jobs-critical-following-sibanye-lonmin-deal-zwane-2017-12-15,investor,0.8195,dominant_voice_proxy,2.500,13.850,0.000,0.000,0.000,1,0.00000,0,0,1,0.00000,0,0,,0.0000,true,stance_readings_disagree_or_low_margin,,
DISC-MEDIA-0383,Britains Competition Watchdog To Look Into Sibanye Lonmin Deal,2018,Engineering News,https://www.engineeringnews.co.za/article/britains-competition-watchdog-to-look-into-sibanye-lonmin-deal-2018-05-15,investor,0.9459,dominant_voice_proxy,2.500,46.250,0.000,2.500,0.000,1,0.00000,1,1,0,-1.41421,0,2,,0.2828,true,stance_readings_disagree_or_low_margin,,
DISC-MEDIA-0391,Competition Watchdog Imposes Conditions On Sibanye Lonmin Deal,2018,Engineering News,https://www.engineeringnews.co.za/article/competition-watchdog-imposes-conditions-on-sibanye-lonmin-deal-2018-09-18,investor,0.7299,dominant_voice_proxy,6.050,22.400,0.700,0.000,0.000,1,0.00000,0,0,1,0.00000,0,0,,0.0000,true,stance_readings_disagree_or_low_margin,,
DISC-MEDIA-0348,Marikana The Axe Forgets But The Tree Remembers,2018,Daily Maverick,https://www.dailymaverick.co.za/opinionista/2018-11-07-marikana-the-axe-forgets-but-the-tree-remembers/,government,0.9449,dominant_voice_proxy,12.700,0.350,0.700,0.000,0.000,1,0.69315,1,0,1,0.00000,0,0,,0.1386,true,stance_readings_disagree_or_low_margin,,
DISC-MEDIA-0533,Lonmins Biggest Union Wants Sibanye Deal Stopped Over Job Cuts,2018,Engineering News,https://www.engineeringnews.co.za/article/lonmins-biggest-union-wants-sibanye-deal-stopped-over-job-cuts-2018-11-13,investor,0.4878,dominant_voice_proxy,0.350,22.550,0.000,11.550,0.000,1,0.69315,1,0,1,0.00000,0,0,,0.1386,true,stance_readings_disagree_or_low_margin,,
DISC-MEDIA-0476,Lonmin Plans To Cut 4 100 Workers As It Closes Platinum Mines,2019,Engineering News,https://www.engineeringnews.co.za/article/lonmin-plans-to-cut-4-100-workers-as-it-closes-platinum-mines-2019-05-21,investor,0.5357,dominant_voice_proxy,0.000,12.600,0.000,5.850,0.000,1,0.00000,0,0,0,-1.00000,0,1,,0.2000,true,stance_readings_disagree_or_low_margin,,
SEC-MEDIA-0125,After Ma Spree Sibanye Is Now The Worlds Largest Platinum Miner,2019,Engineering News,https://www.engineeringnews.co.za/article/after-ma-spree-sibanye-is-now-the-worlds-largest-platinum-miner-2019-05-30,investor,0.9903,dominant_voice_proxy,0.000,36.050,0.000,0.350,0.000,1,0.69315,1,0,1,0.00000,0,0,,0.1386,true,stance_readings_disagree_or_low_margin,,
SEC-MEDIA-0213,Amcu Seeks Basic Wage Of R17 000 For Members In Platinum Sector,2019,Engineering News,https://www.engineeringnews.co.za/article/amcu-seeks-basic-wage-of-r17-000-for-members-in-platinum-sector-2019-06-14,labour,0.6331,dominant_voice_proxy,0.350,16.400,0.000,44.700,0.000,1,0.00000,1,1,0,-0.73205,1,3,,0.1464,true,stance_readings_disagree_or_low_margin,,
SEC-MEDIA-0478,Platinum Giants Eye Sibanyes Gold Mining Deal As Wage Yardstick,2019,Engineering News,https://www.engineeringnews.co.za/article/platinum-giants-eye-sibanyes-gold-mining-deal-as-wage-yardstick-2019-07-18,labour,0.0193,dominant_voice_proxy,0.000,17.800,0.000,18.150,0.000,1,0.40547,8,5,0,-2.64575,0,7,,0.6102,true,stance_readings_disagree_or_low_margin,,
DISC-MEDIA-0263,Its A Done Deal Sibanye Tells Mining Communities Challenging R5Bn Lonmin Merger,2019,Daily Maverick,https://www.dailymaverick.co.za/article/2019-08-05-its-a-done-deal-sibanye-tells-mining-communities-challenging-r5bn-lonmin-merger/,investor,0.8410,dominant_voice_proxy,8.550,64.800,10.300,5.350,0.000,1,0.81093,8,3,0,-1.41421,0,2,,0.4450,true,stance_readings_disagree_or_low_margin,,
DISC-MEDIA-0350,As We Commemorate Marikana Reconciliation Should Be Our Priority,2019,Daily Maverick,https://www.dailymaverick.co.za/opinionista/2019-08-15-as-we-commemorate-marikana-reconciliation-should-be-our-priority/,labour,0.1429,dominant_voice_proxy,1.050,0.350,2.100,2.450,0.000,0,-0.18232,4,5,1,2.00402,5,3,,0.4373,true,stance_readings_disagree_or_low_margin,(?:healing|renewal|reconciliation|remediation|redress|compensation|restorative),
DISC-MEDIA-0265,Marikana The Seven Year Struggle,2019,Daily Maverick,https://www.dailymaverick.co.za/article/2019-08-17-marikana-the-seven-year-struggle/,community,0.0000,dominant_voice_proxy,0.350,2.500,2.850,2.850,0.000,0,-0.69315,0,1,0,-1.00000,0,1,0,0.3386,true,stakeholder_voice_low_confidence,,
DISC-MEDIA-0654,Sibanyes Marikana Restructuring Good In The Long Run Say Market Commentators,2019,Engineering News,https://www.engineeringnews.co.za/article/sibanyes-marikana-restructuring-good-in-the-long-run-say-market-commentators-2019-09-26,investor,0.8333,dominant_voice_proxy,0.000,4.200,0.350,0.700,0.000,0,-0.69315,0,1,1,0.00000,0,0,,0.1386,true,stance_readings_disagree_or_low_margin,,
DISC-MEDIA-0628,Sanco Wants Government To Intervene To Halt Looming Job Cut In Marikana,2019,Engineering News,https://www.engineeringnews.co.za/article/sanco-wants-government-to-intervene-to-halt-looming-job-cut-in-marikana-2019-09-27,investor,0.0244,dominant_voice_proxy,8.000,8.200,5.000,0.000,0.000,0,-0.51083,2,4,0,-0.31784,2,3,,0.1657,true,stance_readings_disagree_or_low_margin,,
SEC-MEDIA-0197,Amcu Refers Platinum Wage Talks With Sibanye To Ccma,2019,Engineering News,https://www.engineeringnews.co.za/article/amcu-refers-platinum-wage-talks-with-sibanye-to-ccma-2019-10-01,labour,0.2612,dominant_voice_proxy,0.350,9.050,0.000,12.250,0.000,1,0.69315,1,0,1,0.00000,0,0,,0.1386,true,stance_readings_disagree_or_low_margin,,
DISC-MEDIA-0401,Former Top Cop Back In The Dock Over Shooting Of 30 Mine Workers At Marikana,2019,Engineering News,https://www.engineeringnews.co.za/article/former-top-cop-back-in-the-dock-over-shooting-of-30-mine-workers-at-marikana-2019-10-29,government,0.0471,dominant_voice_proxy,4.250,2.850,0.000,4.050,0.000,0,-2.94176,0,5,0,-3.50000,0,4,0,1.0000,true,stakeholder_voice_low_confidence,,(?:massacre|killings?|shootings?|deaths?|torture) | shoot(?:ing|ings)?
DISC-MEDIA-0271,Marikana Occupiers Reach Landmark Agreement With Property Owners,2020,Daily Maverick,https://www.dailymaverick.co.za/article/2020-03-08-marikana-occupiers-reach-landmark-agreement-with-property-owners/,government,0.3772,dominant_voice_proxy,5.700,0.000,3.550,0.000,3.200,1,0.89869,6,8,0,-1.03528,2,6,,0.3868,true,stance_readings_disagree_or_low_margin,agreement,
DISC-MEDIA-0354,Marikana The Long Wait For Truth Justice And Compensation,2020,Daily Maverick,https://www.dailymaverick.co.za/opinionista/2020-08-14-marikana-the-long-wait-for-truth-justice-and-compensation/,government,0.8571,dominant_voice_proxy,7.350,1.050,0.350,1.050,0.000,1,0.45685,2,5,1,0.26393,1,5,,0.1442,true,stance_readings_disagree_or_low_margin,(?:healing|renewal|reconciliation|remediation|redress|compensation|restorative) | compensation,
DISC-MEDIA-0275,Remembering Marikana Dali Mpofu Demands An Apology And Compensation By 31 August,2020,Daily Maverick,https://www.dailymaverick.co.za/article/2020-08-17-remembering-marikana-dali-mpofu-demands-an-apology-and-compensation-by-31-august/,labour,0.0428,dominant_voice_proxy,15.650,6.400,3.550,16.350,2.500,0,-0.07378,4,16,1,0.03590,4,12,,0.0219,true,stance_readings_disagree_or_low_margin,(?:healing|renewal|reconciliation|remediation|redress|compensation|restorative) | compensation,
DISC-MEDIA-0278,The Missing R617 Million Can The Bapo Ba Mogale Retrieve Their Stolen Funds,2020,Daily Maverick,https://www.dailymaverick.co.za/article/2020-08-21-the-missing-r617-million-can-the-bapo-ba-mogale-retrieve-their-stolen-funds/,community,0.4822,dominant_voice_proxy,8.200,13.850,26.750,0.350,0.000,1,0.00000,5,5,0,-0.31784,2,3,,0.0636,true,stance_readings_disagree_or_low_margin,,
DISC-MEDIA-0281,Residents Left To Pick Up The Pieces Following Devastating Fire In Cato Manors Marikana,2021,Daily Maverick,https://www.dailymaverick.co.za/article/2021-04-30-residents-left-to-pick-up-the-pieces-following-devastating-fire-in-cato-manors-marikana/,community,0.9613,dominant_voice_proxy,0.350,0.000,9.050,0.350,0.000,1,0.51083,4,2,0,-1.00000,0,1,,0.3022,true,stance_readings_disagree_or_low_margin,,
DISC-MEDIA-0577,Marikana Trial Provoked Miners Posed No Threat When Tear Gas Stun Grenades Were Fired At Them,2021,Engineering News,https://www.engineeringnews.co.za/article/marikana-trial-provoked-miners-posed-no-threat-when-tear-gas-stun-grenades-were-fired-at-them-2021-05-27,government,0.7941,dominant_voice_proxy,8.500,1.050,0.000,1.750,0.000,1,0.00000,2,2,0,-1.00000,0,1,,0.2000,true,stance_readings_disagree_or_low_margin,,
DISC-MEDIA-0357,I Heard The Machine Gun Fire Sound Of Police Shooting Down The Mineworkers In Marikana How Did We Come To This,2021,Daily Maverick,https://www.dailymaverick.co.za/opinionista/2021-08-18-i-heard-the-machine-gun-fire-sound-of-police-shooting-down-the-mineworkers-in-marikana-how-did-we-come-to-this/,labour,0.0864,dominant_voice_proxy,3.700,0.000,0.700,4.050,0.000,0,-2.24861,0,2,0,-2.91421,0,2,0,1.0000,true,stakeholder_voice_low_confidence,,(?:massacre|killings?|shootings?|deaths?|torture) | shoot(?:ing|ings)?
DISC-MEDIA-0358,We Remember Marikana Will The Government And President Ramaphosa Also Remember The Massacre 10 Years Later,2022,Daily Maverick,https://www.dailymaverick.co.za/opinionista/2022-02-22-we-remember-marikana-will-the-government-and-president-ramaphosa-also-remember-the-massacre-10-years-later/,government,0.0448,dominant_voice_proxy,3.350,0.700,3.200,1.050,0.000,0,-3.34722,0,8,0,-4.14575,0,7,0,1.0000,true,stakeholder_voice_low_confidence,,(?:massacre|killings?|shootings?|deaths?|torture) | massacre
DISC-MEDIA-0290,Marikana Informal Settlement Families Still In Land Limbo Five Years After Landmark Ruling,2022,Daily Maverick,https://www.dailymaverick.co.za/article/2022-06-23-marikana-informal-settlement-families-still-in-land-limbo-five-years-after-landmark-ruling/,community,0.7444,dominant_voice_proxy,0.000,0.350,11.150,0.000,2.850,1,1.66083,4,2,0,-1.41421,0,2,,0.6150,true,stance_readings_disagree_or_low_margin,settlement,
DISC-MEDIA-0292,All Marikana Reparations Must Be Settled By End Of August Solicitor General,2022,Daily Maverick,https://www.dailymaverick.co.za/article/2022-08-10-all-marikana-reparations-must-be-settled-by-end-of-august-solicitor-general/,government,0.9483,dominant_voice_proxy,13.550,0.700,0.350,0.000,0.700,1,0.69315,5,2,1,0.00000,2,2,,0.1386,true,stance_readings_disagree_or_low_margin,,
DISC-MEDIA-0599,Outstanding Marikana Matters Set For Completion By Month End,2022,Engineering News,https://www.engineeringnews.co.za/article/outstanding-marikana-matters-set-for-completion-by-month-end-2022-08-10,government,0.8593,dominant_voice_proxy,9.950,1.400,0.000,0.350,0.000,1,0.28768,3,2,0,-1.41421,0,2,,0.3404,true,stance_readings_disagree_or_low_margin,,
DISC-MEDIA-0360,Lets Never Forget The Marikana Massacre And Start The Daunting Task Of Building A Social Pact,2022,Daily Maverick,https://www.dailymaverick.co.za/opinionista/2022-08-18-lets-never-forget-the-marikana-massacre-and-start-the-daunting-task-of-building-a-social-pact/,community,0.1000,dominant_voice_proxy,3.150,1.050,3.500,1.750,0.000,0,-1.96093,3,8,0,-1.81784,2,3,0,0.7558,true,stakeholder_voice_low_confidence,,(?:massacre|killings?|shootings?|deaths?|torture) | massacre
DISC-MEDIA-0302,Marikana Rights Defender Christinah Mdau Leads Fight Against Mine,2023,Daily Maverick,https://www.dailymaverick.co.za/article/2023-08-04-marikana-rights-defender-christinah-mdau-leads-fight-against-mine/,community,0.8250,dominant_voice_proxy,1.050,0.350,6.000,0.000,0.000,0,-1.09861,0,2,1,0.00000,1,1,,0.2197,true,stance_readings_disagree_or_low_margin,,
DISC-MEDIA-0568,Marikana Memorial Lecture Speakers Issue Call To Rebuild,2023,Engineering News,https://www.engineeringnews.co.za/article/marikana-memorial-lecture-speakers-issue-call-to-rebuild-2023-08-14,investor,0.2347,dominant_voice_proxy,5.700,10.650,8.150,5.000,0.000,1,0.18232,5,4,1,0.23607,5,4,,0.0837,true,stance_readings_disagree_or_low_margin,,
