record_id_a,record_id_b,title_a,title_b,url_a,url_b,candidate_signal,fresh_status_a,fresh_status_b,fresh_words_a,fresh_words_b,fresh_sha256_a,fresh_sha256_b,extractor_a,extractor_b,fresh_hash_collision_a,fresh_hash_collision_b,sequence_similarity,token_set_jaccard,five_word_shingle_jaccard,text_evidence_signal,final_duplicate_decision,final_duplicate_reason
MEDIA-010,DISC-MEDIA-0656,Slain Marikana workers to be remembered,Slain Marikana Workers To Be Remembered,https://www.miningweekly.com/article/slain-marikana-workers-to-be-remembered-2013-08-13,https://www.engineeringnews.co.za/article/slain-marikana-workers-to-be-remembered-2013-08-13,exact_normalised_title,retrieved_extracted,retrieved_extracted,840,840,22736f343d9e757131add6e5e0b69370f0c5c834d80601700f591ba425605584,22736f343d9e757131add6e5e0b69370f0c5c834d80601700f591ba425605584,trafilatura,trafilatura,false,false,1.000000,1.000000,1.000000,very_high_text_similarity_republication_likely,,
MEDIA-013,DISC-MEDIA-0610,Ramaphosa questioned about Marikana inaction,Ramaphosa Questioned About Marikana Inaction,https://www.miningweekly.com/article/ramaphosa-questioned-about-marikana-inaction-2014-08-12,https://www.engineeringnews.co.za/article/ramaphosa-questioned-about-marikana-inaction-2014-08-12,exact_normalised_title,retrieved_extracted,retrieved_extracted,685,685,87c2c133ce0dc0507a07535330aa446b14d1ae5acfeec7d4abb2572ee6faa0ef,87c2c133ce0dc0507a07535330aa446b14d1ae5acfeec7d4abb2572ee6faa0ef,trafilatura,trafilatura,false,false,1.000000,1.000000,1.000000,very_high_text_similarity_republication_likely,,
MEDIA-016,DISC-MEDIA-0527,Lonmin unveils design proposal for Marikana memorial park showcases new apartments,Lonmin Unveils Design Proposal For Marikana Memorial Park Showcases New Apartments,https://www.miningweekly.com/article/lonmin-unveils-design-proposal-for-marikana-memorial-park-showcases-new-apartments-2017-08-15,https://www.engineeringnews.co.za/article/lonmin-unveils-design-proposal-for-marikana-memorial-park-showcases-new-apartments-2017-08-15,exact_normalised_title,retrieved_extracted,retrieved_extracted,907,907,c4e7db0801cbcbe986814952268d6ffdb185cfbcc4e426e0f577cf811a162255,c4e7db0801cbcbe986814952268d6ffdb185cfbcc4e426e0f577cf811a162255,trafilatura,trafilatura,false,false,1.000000,1.000000,1.000000,very_high_text_similarity_republication_likely,,
MEDIA-018,DISC-MEDIA-0640,Sibanye hosts Marikana memorial lecture,Sibanye Hosts Marikana Memorial Lecture,https://www.miningweekly.com/article/sibanye-hosts-marikana-memorial-lecture-2020-08-14,https://www.engineeringnews.co.za/article/sibanye-hosts-marikana-memorial-lecture-2020-08-14,exact_normalised_title,retrieved_extracted,retrieved_extracted,1154,1154,7672c7413f01d66b9fb8e65449e7d891417606ca0069e1e1d05c3a0771f650cd,7672c7413f01d66b9fb8e65449e7d891417606ca0069e1e1d05c3a0771f650cd,trafilatura,trafilatura,false,false,1.000000,1.000000,1.000000,very_high_text_similarity_republication_likely,,
MEDIA-022,DISC-MEDIA-0480,"Lonmin Q1 2014 mining production down 10%, will revise full-year guidance as result of strikes",Lonmin Q1 2014 Mining Production Down 10 Will Revise Full Year Guidance As Result Of Strikes,https://www.miningweekly.com/article/lonmin-q1-2014-mining-production-down-10-will-revise-full-year-guidance-as-result-of-strikes-2014-01-30,https://www.engineeringnews.co.za/article/lonmin-q1-2014-mining-production-down-10-will-revise-full-year-guidance-as-result-of-strikes-2014-01-30,exact_normalised_title,retrieved_extracted,retrieved_extracted,822,822,59b0e1f282564aa0649c2b0d0ab9af66deccf7af3f3f059ffc6a65b2b98525e8,59b0e1f282564aa0649c2b0d0ab9af66deccf7af3f3f059ffc6a65b2b98525e8,trafilatura,trafilatura,false,false,1.000000,1.000000,1.000000,very_high_text_similarity_republication_likely,,
MEDIA-024,DISC-MEDIA-0419,"Lonmin, AMCU celebrate finalisation of landmark BEE equity deal",Lonmin Amcu Celebrate Finalisation Of Landmark Bee Equity Deal,https://www.miningweekly.com/article/lonmin-amcu-celebrate-finalisation-of-landmark-bee-equity-deal-2014-12-12,https://www.engineeringnews.co.za/article/lonmin-amcu-celebrate-finalisation-of-landmark-bee-equity-deal-2014-12-12,exact_normalised_title,retrieved_extracted,retrieved_extracted,962,962,13c4f16fd4fdbc0e246ac816784057e08112a5e2962e047bb870e2f00a4ed2ec,13c4f16fd4fdbc0e246ac816784057e08112a5e2962e047bb870e2f00a4ed2ec,trafilatura,trafilatura,false,false,1.000000,1.000000,1.000000,very_high_text_similarity_republication_likely,,
MEDIA-025,DISC-MEDIA-0400,"Farlam wants workers housed, Mining Charter goes to court, coal firms transform for Eskom",Farlam Wants Workers Housed Mining Charter Goes To Court Coal Firms Transform For Eskom,https://www.miningweekly.com/article/farlam-wants-workers-housed-mining-charter-goes-to-court-coal-firms-transform-for-eskom-2015-06-26,https://www.engineeringnews.co.za/article/farlam-wants-workers-housed-mining-charter-goes-to-court-coal-firms-transform-for-eskom-2015-06-26,exact_normalised_title,retrieved_extracted,retrieved_extracted,854,854,544d6cd8ce53507cd303b8ceb45b769f69c3067daddd7af006604751cf4949a8,544d6cd8ce53507cd303b8ceb45b769f69c3067daddd7af006604751cf4949a8,trafilatura,trafilatura,false,false,1.000000,1.000000,1.000000,very_high_text_similarity_republication_likely,,
MEDIA-031,DISC-MEDIA-0450,Lonmin donates 50 ha of land for residential development,Lonmin Donates 50 Ha Of Land For Residential Development,https://www.miningweekly.com/article/lonmin-donates-50-ha-of-land-for-residential-development-2013-10-29,https://www.engineeringnews.co.za/article/lonmin-donates-50-ha-of-land-for-residential-development-2013-11-08,exact_normalised_title,retrieved_extracted,retrieved_extracted,605,600,07377bb13e65af406c0ea218a3dd019905ee6637c712071a437187de56d062e3,a462f65648f3a71904eb01a082fbadf5895897ef32874f0e793605bdae29ca12,trafilatura,trafilatura,false,false,0.985694,0.942761,0.769748,high_text_similarity_republication_review,,
MEDIA-033,DISC-MEDIA-0665,Strike-hit mothers have no food to put on the table – Lonmin,Strike Hit Mothers Have No Food To Put On The Table Lonmin,https://www.miningweekly.com/article/strike-hit-mothers-have-no-food-to-put-on-the-table-lonmin-2014-04-03,https://www.engineeringnews.co.za/article/strike-hit-mothers-have-no-food-to-put-on-the-table-lonmin-2014-04-03,exact_normalised_title,retrieved_extracted,retrieved_extracted,1284,1284,9a1a0b9ffe779d6be6db35bcad604ff43697af950d937cc94e7533bead6468e3,9a1a0b9ffe779d6be6db35bcad604ff43697af950d937cc94e7533bead6468e3,trafilatura,trafilatura,false,false,1.000000,1.000000,1.000000,very_high_text_similarity_republication_likely,,
MEDIA-034,DISC-MEDIA-0582,Miners regress on ARV treatment – Lonmin,Miners Regress On Arv Treatment Lonmin,https://www.miningweekly.com/article/miners-regress-on-arv-treatment-lonmin-2014-04-14,https://www.engineeringnews.co.za/article/miners-regress-on-arv-treatment-lonmin-2014-04-14,exact_normalised_title,retrieved_extracted,retrieved_extracted,624,624,7da8403e80798c715e9e0cf1874c8d8f645317f331115875dd5b6bfef4f3ee0f,7da8403e80798c715e9e0cf1874c8d8f645317f331115875dd5b6bfef4f3ee0f,trafilatura,trafilatura,false,false,1.000000,1.000000,1.000000,very_high_text_similarity_republication_likely,,
MEDIA-038,DISC-MEDIA-0370,"AMCU stands firm on R12 500 demand, Lonmin calls on union to reconsider 9%",Amcu Stands Firm On R12 500 Demand Lonmin Calls On Union To Reconsider 9,https://www.miningweekly.com/article/amcu-stands-firm-on-r12-500-demand-lonmin-calls-on-union-to-reconsider-9-2014-04-03,https://www.engineeringnews.co.za/article/amcu-stands-firm-on-r12-500-demand-lonmin-calls-on-union-to-reconsider-9-2014-04-03,exact_normalised_title,retrieved_extracted,retrieved_extracted,812,812,acdd9b04667d637c52339362aa40693424ccb22411b4b6135078d154b5fa01ac,acdd9b04667d637c52339362aa40693424ccb22411b4b6135078d154b5fa01ac,trafilatura,trafilatura,false,false,1.000000,1.000000,1.000000,very_high_text_similarity_republication_likely,,
MEDIA-042,DISC-MEDIA-0589,Nothing off table as Lonmin pursues value in low platinum price environment,Nothing Off Table As Lonmin Pursues Value In Low Platinum Price Environment,https://www.miningweekly.com/article/nothing-off-table-as-lonmin-pursues-value-in-low-platinum-price-environment-2017-04-07,https://www.engineeringnews.co.za/article/nothing-off-table-as-lonmin-pursues-value-in-low-platinum-price-environment-2017-04-07,exact_normalised_title,retrieved_extracted,retrieved_extracted,2194,2194,6c5a142a47678359c868ce86d22295377652056c425c73a223f61a5f1851c716,6c5a142a47678359c868ce86d22295377652056c425c73a223f61a5f1851c716,trafilatura,trafilatura,false,false,1.000000,1.000000,1.000000,very_high_text_similarity_republication_likely,,
MEDIA-047,DISC-MEDIA-0674,"Tribunal approves Sibanye, Lonmin merger; imposes 6-month moratorium on retrenchments",Tribunal Approves Sibanye Lonmin Merger Imposes 6 Month Moratorium On Retrenchments,https://www.miningweekly.com/article/tribunal-approves-sibanye-lonmin-merger-imposes-6-month-moratorium-on-retrenchments-2018-11-21,https://www.engineeringnews.co.za/article/tribunal-approves-sibanye-lonmin-merger-imposes-6-month-moratorium-on-retrenchments-2018-11-21,exact_normalised_title,retrieved_extracted,retrieved_extracted,614,614,707f39da86515718d82dc3763f73c5d7d31146f7926fd38f333ca2e5909ae8fe,707f39da86515718d82dc3763f73c5d7d31146f7926fd38f333ca2e5909ae8fe,trafilatura,trafilatura,false,false,1.000000,1.000000,1.000000,very_high_text_similarity_republication_likely,,
MEDIA-048,DISC-MEDIA-0525,"Lonmin undertakes refinancing, delivers on results promise",Lonmin Undertakes Refinancing Delivers On Results Promise,https://www.miningweekly.com/article/lonmin-undertakes-refinancing-delivers-on-results-promise-2018-10-22,https://www.engineeringnews.co.za/article/lonmin-undertakes-refinancing-delivers-on-results-promise-2018-10-22,exact_normalised_title,retrieved_extracted,retrieved_extracted,1360,1360,d8eae2bbc8f0cc281457b5b507064eba01c3abe616e847ba8442c9988e66be81,d8eae2bbc8f0cc281457b5b507064eba01c3abe616e847ba8442c9988e66be81,trafilatura,trafilatura,false,false,1.000000,1.000000,1.000000,very_high_text_similarity_republication_likely,,
MEDIA-049,DISC-MEDIA-0644,"Sibanye, Lonmin merger enters final stretch as AMCU appeal is dismissed",Sibanye Lonmin Merger Enters Final Stretch As Amcu Appeal Is Dismissed,https://www.miningweekly.com/article/sibanye-lonmin-merger-enters-final-stretch-as-amcu-appeal-is-dismissed-2019-05-17,https://www.engineeringnews.co.za/article/sibanye-lonmin-merger-enters-final-stretch-as-amcu-appeal-is-dismissed-2019-05-17,exact_normalised_title,retrieved_extracted,retrieved_extracted,764,764,9e948cf6e44f167ccf051d37eb95300c88f8d9bb7846081168e9a143a21dc704,9e948cf6e44f167ccf051d37eb95300c88f8d9bb7846081168e9a143a21dc704,trafilatura,trafilatura,false,false,1.000000,1.000000,1.000000,very_high_text_similarity_republication_likely,,
MEDIA-055,DISC-MEDIA-0652,Sibanye to hold webcast series to aid healing and renewal in Marikana,Sibanye To Hold Webcast Series To Aid Healing And Renewal In Marikana,https://www.miningweekly.com/article/sibanye-to-hold-webcast-series-to-aid-healing-and-renewal-in-marikana-2021-08-11,https://www.engineeringnews.co.za/article/sibanye-to-hold-webcast-series-to-aid-healing-and-renewal-in-marikana-2021-08-11,exact_normalised_title,retrieved_extracted,retrieved_extracted,961,961,0e13ba9a57aed44b9d35b4077e5172e92b4f6e2defc28aebcbe688700acc6474,0e13ba9a57aed44b9d35b4077e5172e92b4f6e2defc28aebcbe688700acc6474,trafilatura,trafilatura,false,false,1.000000,1.000000,1.000000,very_high_text_similarity_republication_likely,,
SAT-EARLY-MEDIA-001,DISC-MEDIA-0459,Lonmin inks landmark BEE deals with traditional community,Lonmin Inks Landmark Bee Deals With Traditional Community,https://www.miningweekly.com/article/lonmin-inks-landmark-bee-deals-with-traditional-community-2014-07-30,https://www.engineeringnews.co.za/article/lonmin-inks-landmark-bee-deals-with-traditional-community-2014-07-30,exact_normalised_title,retrieved_extracted,retrieved_extracted,1140,1140,fc11007861699253489423afb813523928aa0d73308bf07e39fabcda65eb388f,fc11007861699253489423afb813523928aa0d73308bf07e39fabcda65eb388f,trafilatura,trafilatura,false,false,1.000000,1.000000,1.000000,very_high_text_similarity_republication_likely,,
SAT-EARLY-MEDIA-002,DISC-MEDIA-0585,Missing millions from Lonmin fund prompts community pay reform,Missing Millions From Lonmin Fund Prompts Community Pay Reform,https://www.miningweekly.com/article/missing-millions-from-lonmin-fund-prompts-community-pay-reform-2016-08-04,https://www.engineeringnews.co.za/article/missing-millions-from-lonmin-fund-prompts-community-pay-reform-2016-08-04,exact_normalised_title,retrieved_extracted,retrieved_extracted,737,737,78f2ecbeb6b301a9621ecb012046d8165cfffd9247a53fe8b604145ce61d386d,78f2ecbeb6b301a9621ecb012046d8165cfffd9247a53fe8b604145ce61d386d,trafilatura,trafilatura,false,false,1.000000,1.000000,1.000000,very_high_text_similarity_republication_likely,,
SAT-EARLY-MEDIA-005,DISC-MEDIA-0378,Bapo cancel protest march against Lonmin after reaching new employment deal,Bapo Cancel Protest March Against Lonmin After Reaching New Employment Deal,https://www.miningweekly.com/article/bapo-cancel-protest-march-against-lonmin-after-reaching-new-employment-deal-2015-06-17,https://www.engineeringnews.co.za/article/bapo-cancel-protest-march-against-lonmin-after-reaching-new-employment-deal-2015-06-17,exact_normalised_title,retrieved_extracted,retrieved_extracted,685,685,4033ab0f65f7616fe851b36cd763941795c74d5acda5f08f24fb0ad8e324c54f,4033ab0f65f7616fe851b36cd763941795c74d5acda5f08f24fb0ad8e324c54f,trafilatura,trafilatura,false,false,1.000000,1.000000,1.000000,very_high_text_similarity_republication_likely,,
SAT-EARLY-MEDIA-007,DISC-MEDIA-0423,Lonmin artisan college forging ahead despite 2012 setbacks,Lonmin Artisan College Forging Ahead Despite 2012 Setbacks,https://www.miningweekly.com/article/lonmin-artisan-college-forging-ahead-despite-2012-setbacks-2013-03-05,https://www.engineeringnews.co.za/article/lonmin-artisan-college-forging-ahead-despite-2012-setbacks-2013-03-05,exact_normalised_title,retrieved_extracted,retrieved_extracted,752,752,24f8d6630b6665065c381f4997728dac340b31e4f35c314f8e975d4cfbee3ab6,24f8d6630b6665065c381f4997728dac340b31e4f35c314f8e975d4cfbee3ab6,trafilatura,trafilatura,false,false,1.000000,1.000000,1.000000,very_high_text_similarity_republication_likely,,
SAT-MEDIA-015,DISC-MEDIA-0649,Sibanye-Stillwater restructures historical Lonmin BEE structure,Sibanye Stillwater Restructures Historical Lonmin Bee Structure,https://www.miningweekly.com/article/sibanye-stillwater-restructures-historical-lonmin-bee-structure-2021-04-14,https://www.engineeringnews.co.za/article/sibanye-stillwater-restructures-historical-lonmin-bee-structure-2021-04-14,exact_normalised_title,retrieved_extracted,retrieved_extracted,602,602,9c4ad49ac0459d83b54b2aa2147ea72aec15213d28c7da7d0ee6efcf5c5e24e0,9c4ad49ac0459d83b54b2aa2147ea72aec15213d28c7da7d0ee6efcf5c5e24e0,trafilatura,trafilatura,false,false,1.000000,1.000000,1.000000,very_high_text_similarity_republication_likely,,
WEB-MEDIA-004,DISC-MEDIA-0635,Sibanye continues to make reparations at Marikana,Sibanye Continues To Make Reparations At Marikana,https://www.miningweekly.com/article/sibanye-continues-to-make-reparations-at-marikana-2022-07-15,https://www.engineeringnews.co.za/article/sibanye-continues-to-make-reparations-at-marikana-2022-07-15,exact_normalised_title,retrieved_extracted,retrieved_extracted,1582,1582,5462b3d466bce5e28b7d7bf963a67924b920c8eb683d5af1f452ea1caf81bcbb,5462b3d466bce5e28b7d7bf963a67924b920c8eb683d5af1f452ea1caf81bcbb,trafilatura,trafilatura,false,false,1.000000,1.000000,1.000000,very_high_text_similarity_republication_likely,,
expanded_media_candidates_02__EXP-MEDIA-039,DISC-MEDIA-0440,Lonmin confirms work stoppage across shafts,Lonmin Confirms Work Stoppage Across Shafts,https://www.miningweekly.com/article/lonmin-confirms-work-stoppage-across-shafts-2013-05-14,https://www.engineeringnews.co.za/article/lonmin-confirms-work-stoppage-across-shafts-2013-05-14,exact_normalised_title,retrieved_extracted,retrieved_extracted,570,570,dc2b8ecee6ff4339ea681bedda5e509cad108fea5ec8021d0a6654f52f0a5235,dc2b8ecee6ff4339ea681bedda5e509cad108fea5ec8021d0a6654f52f0a5235,trafilatura,trafilatura,false,false,1.000000,1.000000,1.000000,very_high_text_similarity_republication_likely,,
expanded_media_candidates_02__EXP-MEDIA-040,DISC-MEDIA-0367,"AMCU, Lonmin talks reach deadlock, formal arbitration to start",Amcu Lonmin Talks Reach Deadlock Formal Arbitration To Start,https://www.miningweekly.com/article/amcu-lonmin-talks-reach-deadlock-formal-arbitration-to-start-2013-05-23,https://www.engineeringnews.co.za/article/amcu-lonmin-talks-reach-deadlock-formal-arbitration-to-start-2013-05-23,exact_normalised_title,retrieved_extracted,retrieved_extracted,538,538,b057da8f4fe4258be47a2b2c79bb3d95497340a73955a25e1482b2a7e3a002fd,b057da8f4fe4258be47a2b2c79bb3d95497340a73955a25e1482b2a7e3a002fd,trafilatura,trafilatura,false,false,1.000000,1.000000,1.000000,very_high_text_similarity_republication_likely,,
expanded_media_candidates_02__EXP-MEDIA-044,DISC-MEDIA-0458,"Lonmin hit hardest by strike, third capital raising expected",Lonmin Hit Hardest By Strike Third Capital Raising Expected,https://www.miningweekly.com/article/lonmin-hit-hardest-by-strike-third-capital-raising-expected-2014-05-22,https://www.engineeringnews.co.za/article/lonmin-hit-hardest-by-strike-third-capital-raising-expected-2014-05-22,exact_normalised_title,retrieved_extracted,retrieved_extracted,622,622,ae3077052f3bca8f1b55eb9430ca8f3c70f5b754a6462007fdc335138bf0490a,ae3077052f3bca8f1b55eb9430ca8f3c70f5b754a6462007fdc335138bf0490a,trafilatura,trafilatura,false,false,1.000000,1.000000,1.000000,very_high_text_similarity_republication_likely,,
expanded_media_candidates_02__EXP-MEDIA-051,DISC-MEDIA-0473,"Lonmin ops ramping up, normal levels expected by Q1 2015",Lonmin Ops Ramping Up Normal Levels Expected By Q1 2015,https://www.miningweekly.com/article/lonmin-ops-ramping-up-normal-levels-expected-by-q1-2015-2014-07-25,https://www.engineeringnews.co.za/article/lonmin-ops-ramping-up-normal-levels-expected-by-q1-2015-2014-07-25,exact_normalised_title,retrieved_extracted,retrieved_extracted,1196,1196,4eea80111d2c561af09436a9f9ac007b468f0fa91feff08d180a16ab3d76b0f6,4eea80111d2c561af09436a9f9ac007b468f0fa91feff08d180a16ab3d76b0f6,trafilatura,trafilatura,false,false,1.000000,1.000000,1.000000,very_high_text_similarity_republication_likely,,
expanded_media_candidates_02__EXP-MEDIA-052,DISC-MEDIA-0683,"We made significant progress in Marikana, says Lonmin",We Made Significant Progress In Marikana Says Lonmin,https://www.miningweekly.com/article/we-made-significant-progress-in-marikana-says-lonmin-2018-08-15,https://www.engineeringnews.co.za/article/we-made-significant-progress-in-marikana-says-lonmin-2018-08-15,exact_normalised_title,retrieved_extracted,retrieved_extracted,741,741,327146befd2fcc72f4b74978544608389cf3e2d2390d036bd46a2f8f38975497,327146befd2fcc72f4b74978544608389cf3e2d2390d036bd46a2f8f38975497,trafilatura,trafilatura,false,false,1.000000,1.000000,1.000000,very_high_text_similarity_republication_likely,,
expanded_media_candidates__EXP-MEDIA-002,DISC-MEDIA-0416,Lonmin accelerates union recognition process to ease Marikana tensions,Lonmin Accelerates Union Recognition Process To Ease Marikana Tensions,https://www.miningweekly.com/article/lonmin-accelerates-union-recognition-process-to-ease-marikana-tensions-2013-05-17,https://www.engineeringnews.co.za/article/lonmin-accelerates-union-recognition-process-to-ease-marikana-tensions-2013-05-17,exact_normalised_title,retrieved_extracted,retrieved_extracted,585,585,2e07a1f92fe3e9964e5f3dfe7355f0a7c5b8ef01b3b0370eeeb869f5fa049677,2e07a1f92fe3e9964e5f3dfe7355f0a7c5b8ef01b3b0370eeeb869f5fa049677,trafilatura,trafilatura,false,false,1.000000,1.000000,1.000000,very_high_text_similarity_republication_likely,,
expanded_media_candidates__EXP-MEDIA-003,DISC-MEDIA-0514,Lonmin to derecognise smaller unions in favour of AMCU,Lonmin To Derecognise Smaller Unions In Favour Of Amcu,https://www.miningweekly.com/article/lonmin-to-derecognise-smaller-unions-in-favour-of-amcu-2013-08-23,https://www.engineeringnews.co.za/article/lonmin-to-derecognise-smaller-unions-in-favour-of-amcu-2013-08-14,exact_normalised_title,retrieved_extracted,retrieved_extracted,729,732,3d68673dc4852288b76b42fa83e2387f1c32df8090df9156858bea9160d60cc2,45ad63aae345b42e22250143683e1899814a904d8173f5386f83844e9ae385e3,trafilatura,trafilatura,false,false,0.985136,0.948171,0.851485,high_text_similarity_republication_review,,
expanded_media_candidates__EXP-MEDIA-004,DISC-MEDIA-0596,NUM wants members at Lonmin back,Num Wants Members At Lonmin Back,https://www.miningweekly.com/article/num-wants-members-at-lonmin-back-2013-07-11,https://www.engineeringnews.co.za/article/num-wants-members-at-lonmin-back-2013-07-11,exact_normalised_title,retrieved_extracted,retrieved_extracted,501,501,5f06f89f4cad53caa57ac16aeab2388f3a43ebb447cbbf9912789ec0c7d684b5,5f06f89f4cad53caa57ac16aeab2388f3a43ebb447cbbf9912789ec0c7d684b5,trafilatura,trafilatura,false,false,1.000000,1.000000,1.000000,very_high_text_similarity_republication_likely,,
expanded_media_candidates__EXP-MEDIA-005,DISC-MEDIA-0592,NUM member gunned down at Lonmin hostel,Num Member Gunned Down At Lonmin Hostel,https://www.miningweekly.com/article/num-member-gunned-down-at-lonmin-hostel-2013-06-03,https://www.engineeringnews.co.za/article/num-member-gunned-down-at-lonmin-hostel-2013-06-03,exact_normalised_title,retrieved_extracted,retrieved_extracted,616,616,5e03b0e74c989dc38ea16dc61155e714d55ec8aa1287f25775927b402aacadae,5e03b0e74c989dc38ea16dc61155e714d55ec8aa1287f25775927b402aacadae,trafilatura,trafilatura,false,false,1.000000,1.000000,1.000000,very_high_text_similarity_republication_likely,,
expanded_media_candidates__EXP-MEDIA-007,DISC-MEDIA-0679,Union puts chamber on spot over alleged Lonmin breach,Union Puts Chamber On Spot Over Alleged Lonmin Breach,https://www.miningweekly.com/article/union-puts-chamber-on-spot-over-alleged-lonmin-breach-2013-09-06,https://www.engineeringnews.co.za/article/union-puts-chamber-on-spot-over-alleged-lonmin-breach-2013-08-26,exact_normalised_title,retrieved_extracted,retrieved_extracted,1366,1379,1fe537ff0c935cb25231ed86a2ccaae5690d8bd9938ac46a7ed4c71f84a50dcb,0196aa19ca1e84f70ded8927cae46cbbd2440a505d1dd44edd4a7dde6e3c295e,trafilatura,trafilatura,false,false,0.992179,0.981378,0.950758,very_high_text_similarity_republication_likely,,
expanded_media_candidates__EXP-MEDIA-008,DISC-MEDIA-0658,Solidarity gears up for Lonmin strike,Solidarity Gears Up For Lonmin Strike,https://www.miningweekly.com/article/solidarity-gears-up-for-lonmin-strike-2013-08-19,https://www.engineeringnews.co.za/article/solidarity-gears-up-for-lonmin-strike-2013-08-19,exact_normalised_title,retrieved_extracted,retrieved_extracted,603,603,2187cc93a83577be13daa94632fe9c80609d68aae7297e3b6eac5f0d61d87bdd,2187cc93a83577be13daa94632fe9c80609d68aae7297e3b6eac5f0d61d87bdd,trafilatura,trafilatura,false,false,1.000000,1.000000,1.000000,very_high_text_similarity_republication_likely,,
expanded_media_candidates__EXP-MEDIA-010,DISC-MEDIA-0573,Marikana report to Zuma by Tuesday,Marikana Report To Zuma By Tuesday,https://www.miningweekly.com/article/marikana-report-to-zuma-by-tuesday-2015-03-30,https://www.engineeringnews.co.za/article/marikana-report-to-zuma-by-tuesday-2015-03-30,exact_normalised_title,retrieved_extracted,retrieved_extracted,495,495,28163256eb840f5c0763fce243053adbc7f83e4a02b1a1c5c56939132ba845b5,28163256eb840f5c0763fce243053adbc7f83e4a02b1a1c5c56939132ba845b5,trafilatura,trafilatura,false,false,1.000000,1.000000,1.000000,very_high_text_similarity_republication_likely,,
expanded_media_candidates_batch1__EXP-MEDIA-030,DISC-MEDIA-0373,"AMCU to serve strike notice on Lonmin, Implats",Amcu To Serve Strike Notice On Lonmin Implats,https://www.miningweekly.com/article/amcu-to-serve-strike-notice-on-lonmin-implats-2014-01-17,https://www.engineeringnews.co.za/article/amcu-to-serve-strike-notice-on-lonmin-implats-2014-01-17,exact_normalised_title,retrieved_extracted,retrieved_extracted,516,516,0428e5267a1b4c084f80514d1cb0fabb7bf4f698866f12ffd9d84518111546b8,0428e5267a1b4c084f80514d1cb0fabb7bf4f698866f12ffd9d84518111546b8,trafilatura,trafilatura,false,false,1.000000,1.000000,1.000000,very_high_text_similarity_republication_likely,,
expanded_media_candidates_batch1__EXP-MEDIA-033,DISC-MEDIA-0418,Lonmin aims for May 14 restart in challenge to platinum strike,Lonmin Aims For May 14 Restart In Challenge To Platinum Strike,https://www.miningweekly.com/article/lonmin-aims-for-may-14-restart-in-challenge-to-platinum-strike-2014-05-09,https://www.engineeringnews.co.za/article/lonmin-aims-for-may-14-restart-in-challenge-to-platinum-strike-2014-05-09,exact_normalised_title,retrieved_extracted,retrieved_extracted,812,812,b4207285d5fd502b3741b3fdf2c33f08dcba288c0ee9c87031582b64f9f0482f,b4207285d5fd502b3741b3fdf2c33f08dcba288c0ee9c87031582b64f9f0482f,trafilatura,trafilatura,false,false,1.000000,1.000000,1.000000,very_high_text_similarity_republication_likely,,
expanded_media_candidates_batch1__EXP-MEDIA-034,DISC-MEDIA-0680,"Uphold overwhelming wish of workers to return, pleads Lonmin",Uphold Overwhelming Wish Of Workers To Return Pleads Lonmin,https://www.miningweekly.com/article/uphold-overwhelming-wish-of-workers-to-return-pleads-lonmin-2014-05-12,https://www.engineeringnews.co.za/article/uphold-overwhelming-wish-of-workers-to-return-pleads-lonmin-2014-05-12,exact_normalised_title,retrieved_extracted,retrieved_extracted,1890,1890,04b628f9c3614ad31642f11721a17ee868a1d7faf5c02d271c90c5c557204e9c,04b628f9c3614ad31642f11721a17ee868a1d7faf5c02d271c90c5c557204e9c,trafilatura,trafilatura,false,false,1.000000,1.000000,1.000000,very_high_text_similarity_republication_likely,,
expanded_media_candidates_batch1__EXP-MEDIA-037,DISC-MEDIA-0417,Lonmin accused of prolonging platinum strike by hiding revenue,Lonmin Accused Of Prolonging Platinum Strike By Hiding Revenue,https://www.miningweekly.com/article/lonmin-accused-of-prolonging-platinum-strike-by-hiding-revenue-2014-10-24,https://www.engineeringnews.co.za/article/lonmin-accused-of-prolonging-platinum-strike-by-hiding-revenue-2014-10-24,exact_normalised_title,retrieved_extracted,retrieved_extracted,757,757,8c4763d27d707c437cd722a3389a3d2ea1d2b93d96fe60ab395d7c8cb268e24f,8c4763d27d707c437cd722a3389a3d2ea1d2b93d96fe60ab395d7c8cb268e24f,trafilatura,trafilatura,false,false,1.000000,1.000000,1.000000,very_high_text_similarity_republication_likely,,
expanded_media_candidates_batch1__EXP-MEDIA-038,DISC-MEDIA-0456,Lonmin hands over New Marikana primary school to Basic Education dept,Lonmin Hands Over New Marikana Primary School To Basic Education Dept,https://www.engineeringnews.co.za/article/lonmin-hands-over-new-marikana-primary-school-to-basic-education-dept-2018-04-06,https://www.engineeringnews.co.za/article/lonmin-hands-over-new-marikana-primary-school-to-basic-education-dept-2018-03-23,exact_normalised_title,retrieved_extracted,retrieved_extracted,649,660,45f95751bb7ff20d487df496711462e51f5e3ca642dffab9a88a38e9474f1a4d,15124f2b4f9072568eb6dcc584d5b9b96c99f36efa0bf173dfc3f3cf4d0ce671,trafilatura,trafilatura,false,false,0.968567,0.927632,0.739065,high_text_similarity_republication_review,,
expanded_media_candidates_batch2__EXP-MEDIA-046,DISC-MEDIA-0435,Lonmin committed to R500m expenditure on employee apartments,Lonmin Committed To R500M Expenditure On Employee Apartments,https://www.miningweekly.com/article/lonmin-committed-to-r500m-expenditure-on-employee-apartments-2017-04-07,https://www.engineeringnews.co.za/article/lonmin-committed-to-r500m-expenditure-on-employee-apartments-2017-04-07,exact_normalised_title,retrieved_extracted,retrieved_extracted,1276,1276,701d21245cb7403a66f79caf92397450cf761e788999de8450d1ed59ed6ff5e8,701d21245cb7403a66f79caf92397450cf761e788999de8450d1ed59ed6ff5e8,trafilatura,trafilatura,false,false,1.000000,1.000000,1.000000,very_high_text_similarity_republication_likely,,
expanded_media_candidates_batch2__EXP-MEDIA-047,DISC-MEDIA-0681,Violent protestors demand 1 500 new jobs from struggling Lonmin,Violent Protestors Demand 1 500 New Jobs From Struggling Lonmin,https://www.miningweekly.com/article/violent-protestors-demand-1-500-new-jobs-from-struggling-lonmin-2017-05-11,https://www.engineeringnews.co.za/article/violent-protestors-demand-1-500-new-jobs-from-struggling-lonmin-2017-05-11,exact_normalised_title,retrieved_extracted,retrieved_extracted,1161,1161,35b8fd10a68d40c88c1bff43b413d8acf9423e2f2305902c024a0aa99cd00cb9,35b8fd10a68d40c88c1bff43b413d8acf9423e2f2305902c024a0aa99cd00cb9,trafilatura,trafilatura,false,false,1.000000,1.000000,1.000000,very_high_text_similarity_republication_likely,,
expanded_media_candidates_batch2__EXP-MEDIA-050,DISC-MEDIA-0438,Lonmin community wants operations suspended on social failings,Lonmin Community Wants Operations Suspended On Social Failings,https://www.miningweekly.com/article/lonmin-community-wants-operations-suspended-on-social-failings-2017-10-25,https://www.engineeringnews.co.za/article/lonmin-community-wants-operations-suspended-on-social-failings-2017-10-25,exact_normalised_title,retrieved_extracted,retrieved_extracted,616,616,e6bc1f663cffaa7cb57b1cad9988cbc9fa661b28d2fbe2e6244a0668c453dbc3,e6bc1f663cffaa7cb57b1cad9988cbc9fa661b28d2fbe2e6244a0668c453dbc3,trafilatura,trafilatura,false,false,1.000000,1.000000,1.000000,very_high_text_similarity_republication_likely,,
SAT-MEDIA-013,DISC-MEDIA-0637,Sibanye files court papers to oppose application to halt R5.2bn Lonmin merger,Sibanye Files Court Papers To Oppose Application To Halt R52Bn Lonmin Merger,https://www.miningweekly.com/article/sibanye-files-court-papers-to-oppose-application-to-halt-r52bn-lonmin-merger-2019-08-02,https://www.engineeringnews.co.za/article/sibanye-files-court-papers-to-oppose-application-to-halt-r52bn-lonmin-merger-2019-08-02,very_high_slug_similarity,retrieved_extracted,retrieved_extracted,875,875,c6ff42daff5e93172451b00f4c15cb581c0dd24bd9731e52f59ef9599023d588,c6ff42daff5e93172451b00f4c15cb581c0dd24bd9731e52f59ef9599023d588,trafilatura,trafilatura,true,true,,,,extraction_collision_blocks_text_similarity,,
expanded_media_candidates__EXP-MEDIA-001,DISC-MEDIA-0412,It's business unusual at 'improving' Lonmin – Munroe,Its Business Unusual At Improving Lonmin Munroe,https://www.miningweekly.com/article/its-business-unusual-at-improving-lonmin-munroe-2013-03-15,https://www.engineeringnews.co.za/article/its-business-unusual-at-improving-lonmin-munroe-2013-03-05,very_high_slug_similarity,retrieved_extracted,retrieved_extracted,1644,1652,48d28e7773c871ee3ba93ce9b5966aa11c104742062a4d78bfd0102c5e21985f,15c84d05b2fb2153671ef02d2fdc917719b2aef91a0492d44a84cb2cb5cabf76,trafilatura,trafilatura,false,false,0.989186,0.977679,0.866151,high_text_similarity_republication_review,,
expanded_media_candidates_02__EXP-MEDIA-038,DISC-MEDIA-0366,"AMCU, Lonmin find strike-averting meeting point?",Amcu Lonmin Find Strike Averting Meeting Point Deputy President,https://www.miningweekly.com/article/amcu-lonmin-find-strike-averting-meeting-point-deputy-president-2013-06-21,https://www.engineeringnews.co.za/article/amcu-lonmin-find-strike-averting-meeting-point-deputy-president-2013-06-21,very_high_slug_similarity,retrieved_extracted,retrieved_extracted,1132,1132,84b9e8ffd5341fe8cdc1ce4ba83f33ff36eaf3658b2591589769d7a3166ee77e,84b9e8ffd5341fe8cdc1ce4ba83f33ff36eaf3658b2591589769d7a3166ee77e,trafilatura,trafilatura,true,true,,,,extraction_collision_blocks_text_similarity,,
MEDIA-050,DISC-MEDIA-0624,Rustenburg communities want ConCourt to set aside Sibanye's Lonmin takeover,Rustenburg Communities Want Concourt To Set Aside Sibanyes Lonmin Takeover,https://www.miningweekly.com/article/rustenburg-communities-want-concourt-to-set-aside-sibanyes-lonmin-takeover-2019-07-19,https://www.engineeringnews.co.za/article/rustenburg-communities-want-concourt-to-set-aside-sibanyes-lonmin-takeover-2019-07-19,high_title_similarity,retrieved_extracted,retrieved_extracted,768,768,ffd12c07e9fdc2a758d46f913bde848a4c4a3ede3b3a5c56a13f3aa8eb954339,ffd12c07e9fdc2a758d46f913bde848a4c4a3ede3b3a5c56a13f3aa8eb954339,trafilatura,trafilatura,true,true,,,,extraction_collision_blocks_text_similarity,,
MEDIA-044,DISC-MEDIA-0523,Lonmin transaction filed with South Africa's competition authority,Lonmin Transaction Filed With South Africas Competition Authority,https://www.miningweekly.com/article/lonmin-transaction-filed-with-south-africas-competition-body-2018-03-30,https://www.engineeringnews.co.za/article/lonmin-transaction-filed-with-south-africas-competition-authority-2018-03-16,high_title_similarity,retrieved_extracted,retrieved_extracted,461,472,373db119d41fe79ab61ac435dd5685c428b6952df8a70b02c2e4c54dccbc5b55,21bdb967d80e293dd484ac38e3c87134080a3e6d5b7105c37f17fe359a5f5c4f,trafilatura,trafilatura,false,false,0.975987,0.927602,0.820093,high_text_similarity_republication_review,,
expanded_media_candidates_02__EXP-MEDIA-041,DISC-MEDIA-0515,"Lonmin to lose 3 100 oz/d, Implats 2 800 oz/d in production owing to AMCU strike",Lonmin To Lose 3 100 Ozd Implats 2 800 Ozd In Production Owing To Amcu Strike,https://www.miningweekly.com/article/lonmin-to-lose-3-100-ozd-implats-2-800-ozd-in-production-owing-to-amcu-strike-2014-01-23,https://www.engineeringnews.co.za/article/lonmin-to-lose-3-100-ozd-implats-2-800-ozd-in-production-owing-to-amcu-strike-2014-01-23,high_title_similarity,retrieved_extracted,retrieved_extracted,606,606,0dcc2364bc7d0fb0cc885e3d93b1c0d4acc88d59150c0e43943ea6baa7a117b1,0dcc2364bc7d0fb0cc885e3d93b1c0d4acc88d59150c0e43943ea6baa7a117b1,trafilatura,trafilatura,true,true,,,,extraction_collision_blocks_text_similarity,,
DISC-MEDIA-0387,DISC-MEDIA-0388,Community Members Accelerate Bid Against Key R564M Lonmin Bee Deal,Community Members Accelerate Bid Against R564M Lonmin Bee Deal,https://www.engineeringnews.co.za/article/community-members-accelerate-bid-against-key-r564m-lonmin-bee-deal-2015-06-11,https://www.engineeringnews.co.za/article/community-members-accelerate-bid-against-r564m-lonmin-bee-deal-2015-06-19,high_title_similarity,retrieved_extracted,retrieved_extracted,1303,1300,3f3394fff716a7b2b1689a8745ab6434070a1e17a16f3a6c8faecdfa050f4efd,78c6d075eef366bb25e9f9132aa82335df2fef23fbfa24d29c616e20031bece7,trafilatura,trafilatura,false,false,0.989461,0.967807,0.859014,high_text_similarity_republication_review,,
