candidate_doc_id,source_block,membership_status,notes
OFFICIAL-001,official_replacement,provisional,"Replacement for unrecoverable EITI block; official Marikana Commission filing"
OFFICIAL-002,official_replacement,provisional,"Replacement for unrecoverable EITI block; official Marikana Commission filing"
OFFICIAL-003,official_replacement,provisional,"Replacement for unrecoverable EITI block; official Marikana Commission filing"
OFFICIAL-004,official_replacement,provisional,"Replacement for unrecoverable EITI block; official Marikana Commission filing"
OFFICIAL-005,official_replacement,provisional,"Replacement for unrecoverable EITI block; official Marikana Commission filing"
OFFICIAL-006,official_replacement,provisional,"Replacement for unrecoverable EITI block; official Marikana Commission filing"
OFFICIAL-007,official_replacement,provisional,"Replacement for unrecoverable EITI block; official Marikana Commission filing"
OFFICIAL-008,official_replacement,provisional,"Replacement for unrecoverable EITI block; official Marikana Commission filing"
OFFICIAL-009,official_replacement,provisional,"Replacement for unrecoverable EITI block; official Marikana Commission filing"
OFFICIAL-010,official_replacement,provisional,"Replacement for unrecoverable EITI block; official Marikana Commission filing"
OFFICIAL-011,official_replacement,provisional,"Replacement for unrecoverable EITI block; official Marikana Commission filing"
OFFICIAL-012,official_replacement,provisional,"Replacement for unrecoverable EITI block; official Marikana Commission filing"
OFFICIAL-013,official_replacement,provisional,"Replacement for unrecoverable EITI block; official Marikana Commission filing"
INST-001,institutional,provisional,"Farlam Commission report"
INST-002,institutional,provisional,"Bench Marks Policy Gap 6"
INST-004,institutional,provisional,"Bench Marks Policy Gap 10; retained provisionally but Marikana relevance requires final review"
INST-005,institutional,provisional,"SERI Marikana Commission filing"
INST-003,institutional,provisional,"CER Zero Hour report"
MEDIA-001,media,provisional,"One of 58 pre-label media recovery candidates"
MEDIA-002,media,provisional,"One of 58 pre-label media recovery candidates"
MEDIA-003,media,provisional,"One of 58 pre-label media recovery candidates"
MEDIA-004,media,provisional,"One of 58 pre-label media recovery candidates"
MEDIA-005,media,provisional,"One of 58 pre-label media recovery candidates"
MEDIA-006,media,provisional,"One of 58 pre-label media recovery candidates"
MEDIA-007,media,provisional,"One of 58 pre-label media recovery candidates"
MEDIA-008,media,provisional,"One of 58 pre-label media recovery candidates"
MEDIA-009,media,provisional,"One of 58 pre-label media recovery candidates"
MEDIA-010,media,provisional,"One of 58 pre-label media recovery candidates"
MEDIA-011,media,provisional,"One of 58 pre-label media recovery candidates"
MEDIA-012,media,provisional,"One of 58 pre-label media recovery candidates"
MEDIA-013,media,provisional,"One of 58 pre-label media recovery candidates"
MEDIA-014,media,provisional,"One of 58 pre-label media recovery candidates"
MEDIA-015,media,provisional,"One of 58 pre-label media recovery candidates"
MEDIA-016,media,provisional,"One of 58 pre-label media recovery candidates"
MEDIA-017,media,provisional,"One of 58 pre-label media recovery candidates"
MEDIA-018,media,provisional,"One of 58 pre-label media recovery candidates"
MEDIA-019,media,provisional,"One of 58 pre-label media recovery candidates"
MEDIA-020,media,provisional,"One of 58 pre-label media recovery candidates"
MEDIA-021,media,provisional,"One of 58 pre-label media recovery candidates"
MEDIA-022,media,provisional,"One of 58 pre-label media recovery candidates"
MEDIA-023,media,provisional,"One of 58 pre-label media recovery candidates"
MEDIA-024,media,provisional,"One of 58 pre-label media recovery candidates"
MEDIA-025,media,provisional,"One of 58 pre-label media recovery candidates"
MEDIA-026,media,provisional,"One of 58 pre-label media recovery candidates"
MEDIA-027,media,provisional,"One of 58 pre-label media recovery candidates"
MEDIA-028,media,provisional,"One of 58 pre-label media recovery candidates"
MEDIA-029,media,provisional,"One of 58 pre-label media recovery candidates"
MEDIA-030,media,provisional,"One of 58 pre-label media recovery candidates"
MEDIA-031,media,provisional,"One of 58 pre-label media recovery candidates"
MEDIA-032,media,provisional,"One of 58 pre-label media recovery candidates"
MEDIA-033,media,provisional,"One of 58 pre-label media recovery candidates"
MEDIA-034,media,provisional,"One of 58 pre-label media recovery candidates"
MEDIA-035,media,provisional,"One of 58 pre-label media recovery candidates"
MEDIA-036,media,provisional,"One of 58 pre-label media recovery candidates"
MEDIA-037,media,provisional,"One of 58 pre-label media recovery candidates"
MEDIA-038,media,provisional,"One of 58 pre-label media recovery candidates"
MEDIA-039,media,provisional,"One of 58 pre-label media recovery candidates"
MEDIA-040,media,provisional,"One of 58 pre-label media recovery candidates"
MEDIA-041,media,provisional,"One of 58 pre-label media recovery candidates"
MEDIA-042,media,provisional,"One of 58 pre-label media recovery candidates"
MEDIA-043,media,provisional,"One of 58 pre-label media recovery candidates"
MEDIA-044,media,provisional,"One of 58 pre-label media recovery candidates"
MEDIA-045,media,provisional,"One of 58 pre-label media recovery candidates"
MEDIA-046,media,provisional,"One of 58 pre-label media recovery candidates"
MEDIA-047,media,provisional,"One of 58 pre-label media recovery candidates"
MEDIA-048,media,provisional,"One of 58 pre-label media recovery candidates"
MEDIA-049,media,provisional,"One of 58 pre-label media recovery candidates"
MEDIA-050,media,provisional,"One of 58 pre-label media recovery candidates"
MEDIA-051,media,provisional,"One of 58 pre-label media recovery candidates"
MEDIA-052,media,provisional,"One of 58 pre-label media recovery candidates"
MEDIA-053,media,provisional,"One of 58 pre-label media recovery candidates"
MEDIA-054,media,provisional,"One of 58 pre-label media recovery candidates"
MEDIA-055,media,provisional,"One of 58 pre-label media recovery candidates"
MEDIA-056,media,provisional,"One of 58 pre-label media recovery candidates"
MEDIA-057,media,provisional,"One of 58 pre-label media recovery candidates"
MEDIA-058,media,provisional,"One of 58 pre-label media recovery candidates"
CORP-001,corporate,provisional,"One of 11 corporate candidates with a specific verified document/report source"
CORP-002,corporate,provisional,"One of 11 corporate candidates with a specific verified document/report source"
CORP-003,corporate,provisional,"One of 11 corporate candidates with a specific verified document/report source"
CORP-004,corporate,provisional,"One of 11 corporate candidates with a specific verified document/report source"
CORP-006,corporate,provisional,"One of 11 corporate candidates with a specific verified document/report source"
CORP-007,corporate,provisional,"One of 11 corporate candidates with a specific verified document/report source"
CORP-008,corporate,provisional,"One of 11 corporate candidates with a specific verified document/report source"
CORP-009,corporate,provisional,"One of 11 corporate candidates with a specific verified document/report source"
CORP-010,corporate,provisional,"One of 11 corporate candidates with a specific verified document/report source"
CORP-011,corporate,provisional,"One of 11 corporate candidates with a specific verified document/report source"
CORP-012,corporate,provisional,"One of 11 corporate candidates with a specific verified document/report source"
