candidate_id,source_family,title,year,publisher,url,screening_status,decision_reason,search_id
EXP-GOV-001,official,"Release of the Marikana Commission report",2015,"The Presidency / South African Government",https://www.gov.za/news/speeches/president-jacob-zuma-release-marikana-report-25-jun-2015,eligible_pending_acquisition,"Substantive official summary of Commission findings, recommendations, policing reforms, housing enforcement and prosecution referrals",SEARCH-GOV-001
EXP-GOV-002,official,"North West Human Settlements on Marikana housing project",2015,"North West Department of Local Government and Human Settlements / South African Government",https://www.gov.za/speeches/north-west-human-settlements-marikana-housing-project-7-dec-2015-0000,eligible_pending_acquisition,"Marikana-specific official progress statement on housing delivery, beneficiaries and mining-town revitalisation",SEARCH-GOV-001
EXP-GOV-003,official,"North West Human Settlements on illegal occupants of Marikana houses",2016,"North West Human Settlements / South African Government",https://www.gov.za/speeches/illegal-occupants-houses-marikana-stand-be-evicted-19-apr-2016-0000,eligible_pending_acquisition,"Marikana-specific official record of housing-allocation conflict and eviction proceedings",SEARCH-GOV-001
EXP-GOV-004,official,"Government remembers Marikana",2017,"South African Government",https://www.gov.za/speeches/government-remembers-marikana-16-aug-2017-0000,eligible_pending_acquisition,"Detailed Marikana-specific official implementation update covering housing, Lonmin SLP enforcement, Farlam recommendations and policing panel",SEARCH-GOV-001
EXP-GOV-005,official,"Department of Human Settlements Embarks on Major Effort to Revitalise Distressed Mining Towns",2017,"Parliament of South Africa",https://www.parliament.gov.za/news/department-human-settlements-embarks-major-effort-revitalise-distressed-mining-towns,eligible_pending_acquisition,"Parliamentary committee account contains substantive Marikana settlement-upgrade progress and government response",SEARCH-PARL-001
EXCLUDE-GOV-006,official,"State of the Nation Address 2013",2013,"President of South Africa / Parliament",https://www.parliament.gov.za/state-nation-address-his-excellency-jacob-g-zuma-president-republic-south-africa-occasion-joint-sitting-parliament-cape-town-14-february-2013,exclude_incidental_scope,"Marikana is one short segment of a broad national address; whole-document NLP unit would not be case-central",SEARCH-PARL-001
EXCLUDE-GOV-007,official,"Seven Measures to Improve SAPS' Record on Human Rights-centred Policing",2017,"Parliament of South Africa",https://www.parliament.gov.za/press-releases/seven-measures-improve-saps-record-human-rights-centred-policing,exclude_incidental_scope,"Marikana appears mainly as an example in a general policing speech rather than the central subject",SEARCH-PARL-001
EXCLUDE-GOV-008,official,"Department of Human Settlements Annual Report 2014/2015",2015,"South African Government",https://www.gov.za/sites/default/files/gcis_document/201510/humansettlementsannualreport2015.pdf,exclude_broad_document,"Contains a substantive Marikana section but the full annual report is dominated by unrelated national programme material; avoid whole-document genre dilution",SEARCH-GOV-001
EXCLUDE-GOV-009,official,"Marikana Informal Settlement petition – JB Marks Municipality",2023,"Parliament of South Africa",https://www.parliament.gov.za/news/committee-gives-jb-marks-municipality-and-north-west-provincial-government-fourteen-days-respond-marikana-petition,exclude_geographic_mismatch,"This Marikana informal-settlement petition concerns JB Marks Local Municipality, not the Rustenburg/Lonmin Marikana case geography",SEARCH-PARL-001
