candidate_id,status,title,year,publisher,metadata_source,source_url,final_url,http_status,content_type,retrieval_method,raw_bytes,extraction_method,pages,text_chars,text_words,error
EXP-CORP-006,acquired_no_text,Marikana Renewal Fact Sheet 2020,2020,Sibanye-Stillwater,expanded_corporate_candidates_batch1.csv,https://reports.sibanyestillwater.com/2020/download/SSW-FS20-marikana-renewal.pdf,https://reports.sibanyestillwater.com/2020/download/SSW-FS20-marikana-renewal.pdf,200,text/html,http,212,pypdf_error:PdfStreamError,0,0,0,
EXP-CORP-007,acquired_no_text,Social and Labour Plans: Summary of Projects in South Africa 2021,2021,Sibanye-Stillwater,expanded_corporate_candidates_batch1.csv,https://reports.sibanyestillwater.com/2021/download/SSW-FS21-SLP-summary.pdf?v=0.572,https://reports.sibanyestillwater.com/2021/download/SSW-FS21-SLP-summary.pdf?v=0.572,200,text/html,http,212,pypdf_error:PdfStreamError,0,0,0,
EXP-CORP-008,acquired_no_text,Sibanye-Stillwater Group Impact Report 2022,2022,Sibanye-Stillwater,expanded_corporate_candidates_batch1.csv,https://reports.sibanyestillwater.com/2022/download/SSW-IMPACT22.pdf,https://reports.sibanyestillwater.com/2022/download/SSW-IMPACT22.pdf,200,text/html,http,212,pypdf_error:PdfStreamError,0,0,0,
EXP-CORP-009,acquired_no_text,Sibanye-Stillwater Group Impact Supplement 2023,2023,Sibanye-Stillwater,expanded_corporate_candidates_batch1.csv,https://reports.sibanyestillwater.com/2023/downloads/ssw-Impact23.pdf,https://reports.sibanyestillwater.com/2023/downloads/ssw-Impact23.pdf,200,text/html,http,212,pypdf_error:PdfStreamError,0,0,0,
EXP-CORP-010,acquired_no_text,Social and Labour Plans: Summary of Projects in South Africa 2023,2023,Sibanye-Stillwater,expanded_corporate_candidates_batch1.csv,https://reports.sibanyestillwater.com/2023/downloads/ssw-FS23-SLP-summary.pdf,https://reports.sibanyestillwater.com/2023/downloads/ssw-FS23-SLP-summary.pdf,200,text/html,http,212,pypdf_error:PdfStreamError,0,0,0,
CORP-NEWS-004,acquired_low_text,Conclusion of S189 consultation process at the Marikana operations,2020,Sibanye-Stillwater,expanded_corporate_candidates_news_releases.csv,https://www.pressebox.com/pressrelease/swiss-resource-capital-ag/Conclusion-of-S189-consultation-process-at-the-Marikana-operations/boxid/988847,https://www.pressebox.com/pressrelease/swiss-resource-capital-ag/Conclusion-of-S189-consultation-process-at-the-Marikana-operations/boxid/988847,200,text/html,http,117003,trafilatura,,499,78,
CORP-SAT-005,acquired_low_text,4th Annual Marikana Commemoration Lecture,2023,Sibanye-Stillwater,expanded_corporate_candidates_saturation.csv,https://www.sibanyestillwater.com/features/2023/4th-annual-marikana-lecture/,https://www.sibanyestillwater.com/features/2023/4th-annual-marikana-lecture/,200,text/html,http,179016,trafilatura,,360,59,
DISC-MEDIA-0286,acquired_no_text,Marikana Were Tired Of Memorialising,2021,Daily Maverick,expanded_media_candidates_discovery_direct.csv,https://www.dailymaverick.co.za/article/2021-08-17-marikana-were-tired-of-memorialising/,https://www.dailymaverick.co.za/article/2021-08-17-marikana-were-tired-of-memorialising/,200,text/html,http,236820,beautifulsoup_fallback,,0,0,
DISC-MEDIA-0563,failed,Marikana K4Platinum Group Metals Project South Africa Update,2023,Engineering News,expanded_media_candidates_discovery_direct.csv,https://www.engineeringnews.co.za/article/marikana-k4platinum-group-metals-project-south-africa-update-2023-11-10,https://www.engineeringnews.co.za/article/marikana-k4platinum-group-metals-project-south-africa-update-2023-11-10,404,text/html,,0,,,0,0,HTTP 404
