text_sha256,cluster_size,canonical_id,candidate_id,is_canonical,title,year,publisher,source_url,metadata_source
0286b2125915133685906c29bc058ea8e3002af6dd69e993d4a4d4395825002e,3,expanded_media_candidates_02__EXP-MEDIA-052,expanded_media_candidates_02__EXP-MEDIA-052,true,"We made significant progress in Marikana, says Lonmin",2018,Mining Weekly,https://www.miningweekly.com/article/we-made-significant-progress-in-marikana-says-lonmin-2018-08-15,expanded_media_candidates_02.csv
0286b2125915133685906c29bc058ea8e3002af6dd69e993d4a4d4395825002e,3,expanded_media_candidates_02__EXP-MEDIA-052,expanded_media_candidates_batch1__EXP-MEDIA-039,false,"We made significant progress in Marikana, says Lonmin",2018,Mining Weekly,https://www.miningweekly.com/article/we-made-significant-progress-in-marikana-says-lonmin-2018-08-15,expanded_media_candidates_batch1.csv
0286b2125915133685906c29bc058ea8e3002af6dd69e993d4a4d4395825002e,3,expanded_media_candidates_02__EXP-MEDIA-052,DISC-MEDIA-0683,false,We Made Significant Progress In Marikana Says Lonmin,2018,Engineering News,https://www.engineeringnews.co.za/article/we-made-significant-progress-in-marikana-says-lonmin-2018-08-15,expanded_media_candidates_discovery_direct.csv
056db2efff6cea76c28b8552d852739c8ab499b71ad49dea640b063e04bd1105,2,expanded_media_candidates__EXP-MEDIA-016,expanded_media_candidates__EXP-MEDIA-016,true,Money-kana Commission?,2013,Daily Maverick,https://www.dailymaverick.co.za/article/2013-08-30-money-kana-commission/,expanded_media_candidates.csv
056db2efff6cea76c28b8552d852739c8ab499b71ad49dea640b063e04bd1105,2,expanded_media_candidates__EXP-MEDIA-016,expanded_media_candidates_batch1__EXP-MEDIA-016,false,Money-kana Commission?,2013,Daily Maverick,https://www.dailymaverick.co.za/article/2013-08-30-money-kana-commission/,expanded_media_candidates_batch1.csv
0bf394eecacfd21af3c597357caff073b1b33b34c872bc23b96f65c7cd6334b5,2,MEDIA-042,MEDIA-042,true,Nothing off table as Lonmin pursues value in low platinum price environment,2017,Mining Weekly,https://www.miningweekly.com/article/nothing-off-table-as-lonmin-pursues-value-in-low-platinum-price-environment-2017-04-07,retrieval_manifest
0bf394eecacfd21af3c597357caff073b1b33b34c872bc23b96f65c7cd6334b5,2,MEDIA-042,DISC-MEDIA-0589,false,Nothing Off Table As Lonmin Pursues Value In Low Platinum Price Environment,2017,Engineering News,https://www.engineeringnews.co.za/article/nothing-off-table-as-lonmin-pursues-value-in-low-platinum-price-environment-2017-04-07,expanded_media_candidates_discovery_direct.csv
0e6f796f50614b470537c237be98fad229324209401ce16667ab35469b3c74c3,2,expanded_official_candidates__EXP-OFFICIAL-005,expanded_official_candidates__EXP-OFFICIAL-005,true,Strike Violence: An Alternative Avenue,2014,Edward Webster / SWOP,https://www.justice.gov.za/comm-mrk/docs/20140409-SeminarPhase02-Webster.pdf,expanded_official_candidates.csv
0e6f796f50614b470537c237be98fad229324209401ce16667ab35469b3c74c3,2,expanded_official_candidates__EXP-OFFICIAL-005,expanded_official_candidates_batch1__EXP-OFFICIAL-005,false,Strike Violence: An Alternative Avenue,2014,Edward Webster / Marikana Commission Phase 2,https://www.justice.gov.za/comm-mrk/docs/20140409-SeminarPhase02-Webster.pdf,expanded_official_candidates_batch1.csv
0ef96d230189acb9b1ac83b83353921d1c2657c78c2f3e5dba56a4c96ee0b0c0,2,expanded_media_candidates_02__EXP-MEDIA-044,expanded_media_candidates_02__EXP-MEDIA-044,true,"Lonmin hit hardest by strike, third capital raising expected",2014,Mining Weekly,https://www.miningweekly.com/article/lonmin-hit-hardest-by-strike-third-capital-raising-expected-2014-05-22,expanded_media_candidates_02.csv
0ef96d230189acb9b1ac83b83353921d1c2657c78c2f3e5dba56a4c96ee0b0c0,2,expanded_media_candidates_02__EXP-MEDIA-044,DISC-MEDIA-0458,false,Lonmin Hit Hardest By Strike Third Capital Raising Expected,2014,Engineering News,https://www.engineeringnews.co.za/article/lonmin-hit-hardest-by-strike-third-capital-raising-expected-2014-05-22,expanded_media_candidates_discovery_direct.csv
129c755990cab327cefb7a4a78ca37da36666c67e68042086e90a73fb33007eb,2,expanded_media_candidates__EXP-MEDIA-023,expanded_media_candidates__EXP-MEDIA-023,true,Marikana massacre: The first of Lonmin's voices are heard,2014,Daily Maverick,https://www.dailymaverick.co.za/article/2014-06-09-marikana-massacre-the-first-of-lonmins-voices-are-heard/,expanded_media_candidates.csv
129c755990cab327cefb7a4a78ca37da36666c67e68042086e90a73fb33007eb,2,expanded_media_candidates__EXP-MEDIA-023,expanded_media_candidates_batch1__EXP-MEDIA-019,false,Marikana massacre: The first of Lonmin's voices are heard,2014,Daily Maverick,https://www.dailymaverick.co.za/article/2014-06-09-marikana-massacre-the-first-of-lonmins-voices-are-heard/,expanded_media_candidates_batch1.csv
1314f0f7a504f71769daf5fc0133eb761a1f305dbfe843446107a2093374f468,2,MEDIA-058,MEDIA-058,true,Marikana miners: We'll fight another 10 years to taste justice,2022,Daily Maverick,https://www.dailymaverick.co.za/article/2022-08-13-mine-workers-symbolising-sas-tragic-day-well-fight-another-10-years-to-taste-justice/,retrieval_manifest
1314f0f7a504f71769daf5fc0133eb761a1f305dbfe843446107a2093374f468,2,MEDIA-058,SAT4-MEDIA-004,false,Marikana miners: ‘We’ll fight another 10 years to taste justice’,2022,Daily Maverick,https://www.dailymaverick.co.za/article/2022-08-13-mine-workers-symbolising-sas-tragic-day-well-fight-another-10-years-to-taste-justice/,expanded_media_candidates_saturation_batch4.csv
173f2b85578dbef9c6d8c3272c38418ae78fe87a01ec60877de5e04f88147c11,2,MEDIA-010,MEDIA-010,true,Slain Marikana workers to be remembered,2013,Mining Weekly,https://www.miningweekly.com/article/slain-marikana-workers-to-be-remembered-2013-08-13,retrieval_manifest
173f2b85578dbef9c6d8c3272c38418ae78fe87a01ec60877de5e04f88147c11,2,MEDIA-010,DISC-MEDIA-0656,false,Slain Marikana Workers To Be Remembered,2013,Engineering News,https://www.engineeringnews.co.za/article/slain-marikana-workers-to-be-remembered-2013-08-13,expanded_media_candidates_discovery_direct.csv
194bd5ef0c4fab356f1d5287f4ae8026d01fd34522c2700c87fce67a21b09465,2,MEDIA-013,MEDIA-013,true,Ramaphosa questioned about Marikana inaction,2014,Mining Weekly,https://www.miningweekly.com/article/ramaphosa-questioned-about-marikana-inaction-2014-08-12,retrieval_manifest
194bd5ef0c4fab356f1d5287f4ae8026d01fd34522c2700c87fce67a21b09465,2,MEDIA-013,DISC-MEDIA-0610,false,Ramaphosa Questioned About Marikana Inaction,2014,Engineering News,https://www.engineeringnews.co.za/article/ramaphosa-questioned-about-marikana-inaction-2014-08-12,expanded_media_candidates_discovery_direct.csv
1a5de03b25f2ba8b720e595bc1057a5d5d610653c3125f4a1f3d93c22768f2cc,3,expanded_media_candidates_02__EXP-MEDIA-041,expanded_media_candidates_02__EXP-MEDIA-041,true,"Lonmin to lose 3 100 oz/d, Implats 2 800 oz/d in production owing to AMCU strike",2014,Mining Weekly,https://www.miningweekly.com/article/lonmin-to-lose-3-100-ozd-implats-2-800-ozd-in-production-owing-to-amcu-strike-2014-01-23,expanded_media_candidates_02.csv
1a5de03b25f2ba8b720e595bc1057a5d5d610653c3125f4a1f3d93c22768f2cc,3,expanded_media_candidates_02__EXP-MEDIA-041,expanded_media_candidates_batch1__EXP-MEDIA-031,false,"Lonmin to lose 3 100 oz/d, Implats 2 800 oz/d in production owing to AMCU strike",2014,Mining Weekly,https://www.miningweekly.com/article/lonmin-to-lose-3-100-ozd-implats-2-800-ozd-in-production-owing-to-amcu-strike-2014-01-23,expanded_media_candidates_batch1.csv
1a5de03b25f2ba8b720e595bc1057a5d5d610653c3125f4a1f3d93c22768f2cc,3,expanded_media_candidates_02__EXP-MEDIA-041,DISC-MEDIA-0515,false,Lonmin To Lose 3 100 Ozd Implats 2 800 Ozd In Production Owing To Amcu Strike,2014,Engineering News,https://www.engineeringnews.co.za/article/lonmin-to-lose-3-100-ozd-implats-2-800-ozd-in-production-owing-to-amcu-strike-2014-01-23,expanded_media_candidates_discovery_direct.csv
1a951750ceb240b663ed8eea08ffb98c3de693f4370248569d6c287d8d6be25c,2,expanded_official_candidates__EXP-OFFICIAL-002,expanded_official_candidates__EXP-OFFICIAL-002,true,Mabelane Fundi Heads of Argument,2014,Mabelane Fundi / Marikana Commission,https://www.justice.gov.za/comm-mrk/docs/201411-HoA-MabelaneFundi.pdf,expanded_official_candidates.csv
1a951750ceb240b663ed8eea08ffb98c3de693f4370248569d6c287d8d6be25c,2,expanded_official_candidates__EXP-OFFICIAL-002,expanded_official_candidates_batch1__EXP-OFFICIAL-002,false,Mabelane Fundi Heads of Argument,2014,Marikana Commission / representatives of Mabelane and Fundi,https://justice.gov.za/comm-mrk/docs/201411-HoA-MabelaneFundi.pdf,expanded_official_candidates_batch1.csv
1b956cb1027d78cc31571716f1edd38df16958a1ff0af5e5f7417e72a139054d,2,EXP-MEDIA-053,expanded_media_candidates__EXP-MEDIA-026,false,What's mine is mine: How the Bapo Ba Mogale got robbed of R800 million,2016,Daily Maverick,https://www.dailymaverick.co.za/article/2016-10-26-whats-mine-is-mine-how-the-bapo-ba-mogale-got-robbed-of-r800-million/,expanded_media_candidates.csv
1b956cb1027d78cc31571716f1edd38df16958a1ff0af5e5f7417e72a139054d,2,EXP-MEDIA-053,EXP-MEDIA-053,true,What's mine is mine: How the Bapo Ba Mogale got robbed of R800 million,2016,Daily Maverick,https://www.dailymaverick.co.za/article/2016-10-26-whats-mine-is-mine-how-the-bapo-ba-mogale-got-robbed-of-r800-million/,expanded_media_candidates_batch2.csv
1c026b7f9fb959ae891ed2abf9d82f4f67f748c6d26f9072eb72a05dce6419bf,2,expanded_media_candidates_02__EXP-MEDIA-050,expanded_media_candidates_02__EXP-MEDIA-050,true,Marikana Commission: Sangoma's death and Phiyega's understanding of truth,2013,Daily Maverick,https://www.dailymaverick.co.za/article/2013-03-26-marikana-commission-sangomas-death-and-phiyegas-understanding-of-truth/,expanded_media_candidates_02.csv
1c026b7f9fb959ae891ed2abf9d82f4f67f748c6d26f9072eb72a05dce6419bf,2,expanded_media_candidates_02__EXP-MEDIA-050,expanded_media_candidates_batch1__EXP-MEDIA-014,false,Marikana Commission: Sangoma's death and Phiyega's understanding of truth,2013,Daily Maverick,https://www.dailymaverick.co.za/article/2013-03-26-marikana-commission-sangomas-death-and-phiyegas-understanding-of-truth/,expanded_media_candidates_batch1.csv
1d6c963955a0e40aa2a0cc8befbe7084770bc48844dfd90531626e3bff03b596,2,EXP-MEDIA-056,expanded_media_candidates__EXP-MEDIA-030,false,Will there ever be accountability for the Marikana Massacre?,2018,Daily Maverick,https://www.dailymaverick.co.za/article/2018-06-15-will-there-ever-be-accountability-for-the-marikana-massacre/,expanded_media_candidates.csv
1d6c963955a0e40aa2a0cc8befbe7084770bc48844dfd90531626e3bff03b596,2,EXP-MEDIA-056,EXP-MEDIA-056,true,Will there ever be accountability for the Marikana Massacre?,2018,Daily Maverick,https://www.dailymaverick.co.za/article/2018-06-15-will-there-ever-be-accountability-for-the-marikana-massacre/,expanded_media_candidates_batch2.csv
21f08622c1d677fade9452eaef495c867ab194d1448009134a3e719b398d1cc3,2,expanded_media_candidates_02__EXP-MEDIA-040,expanded_media_candidates_02__EXP-MEDIA-040,true,"AMCU, Lonmin talks reach deadlock, formal arbitration to start",2013,Mining Weekly,https://www.miningweekly.com/article/amcu-lonmin-talks-reach-deadlock-formal-arbitration-to-start-2013-05-23,expanded_media_candidates_02.csv
21f08622c1d677fade9452eaef495c867ab194d1448009134a3e719b398d1cc3,2,expanded_media_candidates_02__EXP-MEDIA-040,DISC-MEDIA-0367,false,Amcu Lonmin Talks Reach Deadlock Formal Arbitration To Start,2013,Engineering News,https://www.engineeringnews.co.za/article/amcu-lonmin-talks-reach-deadlock-formal-arbitration-to-start-2013-05-23,expanded_media_candidates_discovery_direct.csv
2265effd1f8b2000b74785a86b89dded7b686f9810b1368f132e0eecde0d1462,2,expanded_media_candidates_batch1__EXP-MEDIA-033,expanded_media_candidates_batch1__EXP-MEDIA-033,true,Lonmin aims for May 14 restart in challenge to platinum strike,2014,Mining Weekly,https://www.miningweekly.com/article/lonmin-aims-for-may-14-restart-in-challenge-to-platinum-strike-2014-05-09,expanded_media_candidates_batch1.csv
2265effd1f8b2000b74785a86b89dded7b686f9810b1368f132e0eecde0d1462,2,expanded_media_candidates_batch1__EXP-MEDIA-033,DISC-MEDIA-0418,false,Lonmin Aims For May 14 Restart In Challenge To Platinum Strike,2014,Engineering News,https://www.engineeringnews.co.za/article/lonmin-aims-for-may-14-restart-in-challenge-to-platinum-strike-2014-05-09,expanded_media_candidates_discovery_direct.csv
229a6561301004068ed6d383c27ac80480c9dfce4e54a97e540cdc51d0458be9,2,EXP-MEDIA-058,expanded_media_candidates__EXP-MEDIA-032,false,"Marikana Massacre – IPID investigates massacred miners' deaths, and SAPS' lies, without the promised funding",2018,Daily Maverick,https://www.dailymaverick.co.za/article/2018-08-30-marikana-massacre-ipid-investigates-massacred-miners-deaths-and-saps-lies-without-the-promised-funding/,expanded_media_candidates.csv
229a6561301004068ed6d383c27ac80480c9dfce4e54a97e540cdc51d0458be9,2,EXP-MEDIA-058,EXP-MEDIA-058,true,"Marikana Massacre – IPID investigates massacred miners' deaths, and SAPS' lies, without the promised funding",2018,Daily Maverick,https://www.dailymaverick.co.za/article/2018-08-30-marikana-massacre-ipid-investigates-massacred-miners-deaths-and-saps-lies-without-the-promised-funding/,expanded_media_candidates_batch2.csv
231313a3ba196fc717b84fdb5ade922be5b8d9abee5f3873c038d617c522a014,2,MEDIA-049,MEDIA-049,true,"Sibanye, Lonmin merger enters final stretch as AMCU appeal is dismissed",2019,Mining Weekly,https://www.miningweekly.com/article/sibanye-lonmin-merger-enters-final-stretch-as-amcu-appeal-is-dismissed-2019-05-17,retrieval_manifest
231313a3ba196fc717b84fdb5ade922be5b8d9abee5f3873c038d617c522a014,2,MEDIA-049,DISC-MEDIA-0644,false,Sibanye Lonmin Merger Enters Final Stretch As Amcu Appeal Is Dismissed,2019,Engineering News,https://www.engineeringnews.co.za/article/sibanye-lonmin-merger-enters-final-stretch-as-amcu-appeal-is-dismissed-2019-05-17,expanded_media_candidates_discovery_direct.csv
23d15f99a1759973e003e10e03d154b7d91bb5679526fac3511970f798f7eda0,2,expanded_media_candidates_batch1__EXP-MEDIA-030,expanded_media_candidates_batch1__EXP-MEDIA-030,true,"AMCU to serve strike notice on Lonmin, Implats",2014,Mining Weekly,https://www.miningweekly.com/article/amcu-to-serve-strike-notice-on-lonmin-implats-2014-01-17,expanded_media_candidates_batch1.csv
23d15f99a1759973e003e10e03d154b7d91bb5679526fac3511970f798f7eda0,2,expanded_media_candidates_batch1__EXP-MEDIA-030,DISC-MEDIA-0373,false,Amcu To Serve Strike Notice On Lonmin Implats,2014,Engineering News,https://www.engineeringnews.co.za/article/amcu-to-serve-strike-notice-on-lonmin-implats-2014-01-17,expanded_media_candidates_discovery_direct.csv
2881c9c4a98a3e53d0dc7f3e6c4344888db7deb26c2e287d19e4ab1c74d12959,2,expanded_official_candidates__EXP-OFFICIAL-001,expanded_official_candidates__EXP-OFFICIAL-001,true,David Bruce Submissions to the Marikana Commission,2014,David Bruce / Marikana Commission,https://www.justice.gov.za/comm-mrk/docs/201411-HoA-DaveBruce.pdf,expanded_official_candidates.csv
2881c9c4a98a3e53d0dc7f3e6c4344888db7deb26c2e287d19e4ab1c74d12959,2,expanded_official_candidates__EXP-OFFICIAL-001,expanded_official_candidates_batch1__EXP-OFFICIAL-001,false,Submission by Robert David Bruce,2014,Marikana Commission / Robert David Bruce,https://www.justice.gov.za/comm-mrk/docs/201411-HoA-DaveBruce.pdf,expanded_official_candidates_batch1.csv
2ae5087caf26742d63f762d5a98eca770d88255e640e9b20528f817a31faace3,2,MEDIA-022,MEDIA-022,true,"Lonmin Q1 2014 mining production down 10%, will revise full-year guidance as result of strikes",2014,Mining Weekly,https://www.miningweekly.com/article/lonmin-q1-2014-mining-production-down-10-will-revise-full-year-guidance-as-result-of-strikes-2014-01-30,retrieval_manifest
2ae5087caf26742d63f762d5a98eca770d88255e640e9b20528f817a31faace3,2,MEDIA-022,DISC-MEDIA-0480,false,Lonmin Q1 2014 Mining Production Down 10 Will Revise Full Year Guidance As Result Of Strikes,2014,Engineering News,https://www.engineeringnews.co.za/article/lonmin-q1-2014-mining-production-down-10-will-revise-full-year-guidance-as-result-of-strikes-2014-01-30,expanded_media_candidates_discovery_direct.csv
2f442cc8fe470bd90680b9594f1f96dd3b9f1fd14c2bd57b5d843e576ddbd54d,2,MEDIA-045,MEDIA-045,true,Reserve Bank approves Sibanye's buyout of Lonmin,2018,Mining Weekly,https://www.miningweekly.com/article/reserve-bank-approves-sibanyes-buyout-of-lonmin-2018-05-15,retrieval_manifest
2f442cc8fe470bd90680b9594f1f96dd3b9f1fd14c2bd57b5d843e576ddbd54d,2,MEDIA-045,DISC-MEDIA-0614,false,Reserve Bank Approves Sibanyes Buyout Of Lonmin,2018,Engineering News,https://www.engineeringnews.co.za/article/reserve-bank-approves-sibanyes-buyout-of-lonmin-2018-05-15,expanded_media_candidates_discovery_direct.csv
3233217edb1b12bfcf6bfce122c706190f38a66b8dea0db8cdc3b81a7c01302b,2,MEDIA-024,MEDIA-024,true,"Lonmin, AMCU celebrate finalisation of landmark BEE equity deal",2014,Mining Weekly,https://www.miningweekly.com/article/lonmin-amcu-celebrate-finalisation-of-landmark-bee-equity-deal-2014-12-12,retrieval_manifest
3233217edb1b12bfcf6bfce122c706190f38a66b8dea0db8cdc3b81a7c01302b,2,MEDIA-024,DISC-MEDIA-0419,false,Lonmin Amcu Celebrate Finalisation Of Landmark Bee Equity Deal,2014,Engineering News,https://www.engineeringnews.co.za/article/lonmin-amcu-celebrate-finalisation-of-landmark-bee-equity-deal-2014-12-12,expanded_media_candidates_discovery_direct.csv
372d89213c079051a4bac59399ddaf01baedebdbccd07650d6011a60108bbdb9,3,CORP-004,CORP-004,true,Lonmin Plc Annual Report and Accounts 2016,2016,Lonmin Plc,https://www.annualreports.com/HostedData/AnnualReportArchive/l/LSE_LMI_2015.pdf,source_overrides
372d89213c079051a4bac59399ddaf01baedebdbccd07650d6011a60108bbdb9,3,CORP-004,expanded_corporate_candidates__EXP-CORP-003,false,Lonmin Plc Annual Report and Accounts 2015,2015,Lonmin Plc,https://www.annualreports.com/HostedData/AnnualReportArchive/l/LSE_LMI_2015.pdf,expanded_corporate_candidates.csv
372d89213c079051a4bac59399ddaf01baedebdbccd07650d6011a60108bbdb9,3,CORP-004,expanded_corporate_candidates_batch1__EXP-CORP-003,false,Lonmin Plc Annual Report and Accounts 2015,2015,Lonmin Plc,https://www.annualreports.com/HostedData/AnnualReportArchive/l/LSE_LMI_2015.pdf,source_overrides
39e628e6853f91deb9da67efeca2ae1201dcce06bdbc5bf9552f4a4fbde30aa4,2,MEDIA-056,MEDIA-056,true,Amcu's Marikana PGM miners demand pay hikes of up to 40% from Sibanye,2022,Daily Maverick,https://www.dailymaverick.co.za/article/2022-05-03-exclusive-amcus-marikana-pgm-miners-demand-pay-hikes-of-up-to-40-from-sibanye/,retrieval_manifest
39e628e6853f91deb9da67efeca2ae1201dcce06bdbc5bf9552f4a4fbde30aa4,2,MEDIA-056,SAT4-MEDIA-002,false,EXCLUSIVE: Amcu’s Marikana PGM miners demand pay hikes of up to 40% from Sibanye,2022,Daily Maverick,https://www.dailymaverick.co.za/article/2022-05-03-exclusive-amcus-marikana-pgm-miners-demand-pay-hikes-of-up-to-40-from-sibanye/,expanded_media_candidates_saturation_batch4.csv
44c9ce59960642d0e6a654fc89c58ef6a9466fcc355cccde730b9298b32a8cff,2,expanded_media_candidates__EXP-MEDIA-011,expanded_media_candidates__EXP-MEDIA-011,true,Marikana Commission: Sowing the killing fields,2012,Daily Maverick,https://www.dailymaverick.co.za/article/2012-11-09-marikana-commission-sowing-the-killing-fields/,expanded_media_candidates.csv
44c9ce59960642d0e6a654fc89c58ef6a9466fcc355cccde730b9298b32a8cff,2,expanded_media_candidates__EXP-MEDIA-011,expanded_media_candidates_batch1__EXP-MEDIA-008,false,Marikana Commission: Sowing the killing fields,2012,Daily Maverick,https://www.dailymaverick.co.za/article/2012-11-09-marikana-commission-sowing-the-killing-fields/,expanded_media_candidates_batch1.csv
511cce9d227f9aec592d7e8ffaeff62b2b93ec0a53e32fe63e6608f63cfed199,2,expanded_media_candidates__EXP-MEDIA-010,expanded_media_candidates__EXP-MEDIA-010,true,Marikana report to Zuma by Tuesday,2015,Mining Weekly,https://www.miningweekly.com/article/marikana-report-to-zuma-by-tuesday-2015-03-30,expanded_media_candidates.csv
511cce9d227f9aec592d7e8ffaeff62b2b93ec0a53e32fe63e6608f63cfed199,2,expanded_media_candidates__EXP-MEDIA-010,DISC-MEDIA-0573,false,Marikana Report To Zuma By Tuesday,2015,Engineering News,https://www.engineeringnews.co.za/article/marikana-report-to-zuma-by-tuesday-2015-03-30,expanded_media_candidates_discovery_direct.csv
511f6e6b379ee9ed86e985127e944ff8887c52c0f229f439e340f192079ba365,2,WEB-MEDIA-002,SAT-MEDIA-004,false,Marikana and the many faces of justice,2021,Daily Maverick,https://www.dailymaverick.co.za/article/2021-08-22-marikana-and-the-many-faces-of-justice/,expanded_media_candidates_saturation_2019_2023.csv
511f6e6b379ee9ed86e985127e944ff8887c52c0f229f439e340f192079ba365,2,WEB-MEDIA-002,WEB-MEDIA-002,true,Marikana and the many faces of justice,2021,Daily Maverick,https://www.dailymaverick.co.za/article/2021-08-22-marikana-and-the-many-faces-of-justice/,expanded_media_candidates_web_2019_2023.csv
51cbe56ff22f5e3b0b3e2aef29ed5a498d690ef3022e26b10af2a216582c372f,2,expanded_media_candidates__EXP-MEDIA-005,expanded_media_candidates__EXP-MEDIA-005,true,NUM member gunned down at Lonmin hostel,2013,Mining Weekly,https://www.miningweekly.com/article/num-member-gunned-down-at-lonmin-hostel-2013-06-03,expanded_media_candidates.csv
51cbe56ff22f5e3b0b3e2aef29ed5a498d690ef3022e26b10af2a216582c372f,2,expanded_media_candidates__EXP-MEDIA-005,DISC-MEDIA-0592,false,Num Member Gunned Down At Lonmin Hostel,2013,Engineering News,https://www.engineeringnews.co.za/article/num-member-gunned-down-at-lonmin-hostel-2013-06-03,expanded_media_candidates_discovery_direct.csv
5514197e59e61e2a6b404294af115e5bd01688436ff578b7bf8f125ca30925e9,2,expanded_media_candidates__EXP-MEDIA-007,expanded_media_candidates__EXP-MEDIA-007,true,Union puts chamber on spot over alleged Lonmin breach,2013,Mining Weekly,https://www.miningweekly.com/article/union-puts-chamber-on-spot-over-alleged-lonmin-breach-2013-09-06,expanded_media_candidates.csv
5514197e59e61e2a6b404294af115e5bd01688436ff578b7bf8f125ca30925e9,2,expanded_media_candidates__EXP-MEDIA-007,expanded_media_candidates_batch1__EXP-MEDIA-029,false,Union puts chamber on spot over alleged Lonmin breach,2013,Mining Weekly,https://www.miningweekly.com/article/union-puts-chamber-on-spot-over-alleged-lonmin-breach-2013-09-06,expanded_media_candidates_batch1.csv
5535ed589c1e18fb3a1f72909ede296e2057742197ea61f9c88a8e8b05ad8ea8,2,WEB-MEDIA-005,SAT-MEDIA-017,false,Human rights orgs are seeking accountability for failed Marikana housing,2022,Mining Weekly,https://www.miningweekly.com/article/human-rights-orgs-are-seeking-accountability-for-failed-marikana-housing-2022-08-16,expanded_media_candidates_saturation_2019_2023.csv
5535ed589c1e18fb3a1f72909ede296e2057742197ea61f9c88a8e8b05ad8ea8,2,WEB-MEDIA-005,WEB-MEDIA-005,true,Human rights orgs are seeking accountability for failed Marikana housing,2022,Mining Weekly,https://www.miningweekly.com/article/human-rights-orgs-are-seeking-accountability-for-failed-marikana-housing-2022-08-16,expanded_media_candidates_web_2019_2023.csv
55fc1bb71cc17bb99387d11ae4fd57cb7b12b2ab7d4ab2aab950da5a8f70411b,2,MEDIA-051,MEDIA-051,true,Sibanye plans to cut 5 270 jobs as it restructures Marikana operations,2019,Mining Weekly,https://www.miningweekly.com/article/sibanye-plans-to-cut-5-270-jobs-as-it-restructures-marikana-operations-2019-09-25,retrieval_manifest
55fc1bb71cc17bb99387d11ae4fd57cb7b12b2ab7d4ab2aab950da5a8f70411b,2,MEDIA-051,EXP-MEDIA-060,false,Sibanye plans to cut 5 270 jobs as it restructures Marikana operations,2019,Engineering News,https://www.engineeringnews.co.za/article/sibanye-plans-to-cut-5-270-jobs-as-it-restructures-marikana-operations-2019-09-25,expanded_media_candidates_batch3.csv
5c8db58e76dbda2f1d5ea83bcbf2fe9044c39143251809f748868ca4967e71dd,2,expanded_media_candidates__EXP-MEDIA-009,expanded_media_candidates__EXP-MEDIA-009,true,An end to platinum miner's single-sex hostels beckons,2014,Mining Weekly,https://www.miningweekly.com/article/an-end-to-platinum-miners-single-sex-hostels-beckons-2014-03-28,expanded_media_candidates.csv
5c8db58e76dbda2f1d5ea83bcbf2fe9044c39143251809f748868ca4967e71dd,2,expanded_media_candidates__EXP-MEDIA-009,expanded_media_candidates_batch1__EXP-MEDIA-036,false,An end to platinum miner's single-sex hostels beckons,2014,Mining Weekly,https://www.miningweekly.com/article/an-end-to-platinum-miners-single-sex-hostels-beckons-2014-03-28,expanded_media_candidates_batch1.csv
5e52197946b9863dbcd8ef595692499096a4eb828914ea7c5cda853e92e93366,3,expanded_media_candidates__EXP-MEDIA-001,expanded_media_candidates__EXP-MEDIA-001,true,It's business unusual at 'improving' Lonmin – Munroe,2013,Mining Weekly,https://www.miningweekly.com/article/its-business-unusual-at-improving-lonmin-munroe-2013-03-15,source_overrides
5e52197946b9863dbcd8ef595692499096a4eb828914ea7c5cda853e92e93366,3,expanded_media_candidates__EXP-MEDIA-001,expanded_media_candidates_batch1__EXP-MEDIA-025,false,It's business unusual at 'improving' Lonmin – Munroe,2013,Mining Weekly,https://www.miningweekly.com/article/its-business-unusual-at-improving-lonmin-munroe-2013-03-15,source_overrides
5e52197946b9863dbcd8ef595692499096a4eb828914ea7c5cda853e92e93366,3,expanded_media_candidates__EXP-MEDIA-001,DISC-MEDIA-0413,false,Its Business Unusual At Improving Lonmin Munroe,2013,Engineering News,https://www.engineeringnews.co.za/article/its-business-unusual-at-improving-lonmin-munroe-2013-03-15,expanded_media_candidates_discovery_direct.csv
61f50753486dabdbcc023537304b381b492b0bec72b8a22bf746d16b3c61c268,3,expanded_media_candidates__EXP-MEDIA-002,expanded_media_candidates__EXP-MEDIA-002,true,Lonmin accelerates union recognition process to ease Marikana tensions,2013,Mining Weekly,https://www.miningweekly.com/article/lonmin-accelerates-union-recognition-process-to-ease-marikana-tensions-2013-05-17,expanded_media_candidates.csv
61f50753486dabdbcc023537304b381b492b0bec72b8a22bf746d16b3c61c268,3,expanded_media_candidates__EXP-MEDIA-002,expanded_media_candidates_batch1__EXP-MEDIA-027,false,Lonmin accelerates union recognition process to ease Marikana tensions,2013,Mining Weekly,https://www.miningweekly.com/article/lonmin-accelerates-union-recognition-process-to-ease-marikana-tensions-2013-05-17,expanded_media_candidates_batch1.csv
61f50753486dabdbcc023537304b381b492b0bec72b8a22bf746d16b3c61c268,3,expanded_media_candidates__EXP-MEDIA-002,DISC-MEDIA-0416,false,Lonmin Accelerates Union Recognition Process To Ease Marikana Tensions,2013,Engineering News,https://www.engineeringnews.co.za/article/lonmin-accelerates-union-recognition-process-to-ease-marikana-tensions-2013-05-17,expanded_media_candidates_discovery_direct.csv
629de6a842565b9ecc40fecf12f427adeb006cd772e0603d9212de572d6d9ac6,2,MEDIA-053,MEDIA-053,true,Sibanye confirms final Marikana retrenchment figures,2020,Mining Weekly,https://www.miningweekly.com/article/sibanye-confirms-final-marikana-retrenchment-figures-2020-01-16,retrieval_manifest
629de6a842565b9ecc40fecf12f427adeb006cd772e0603d9212de572d6d9ac6,2,MEDIA-053,EXP-MEDIA-061,false,Sibanye confirms final Marikana retrenchment figures,2020,Engineering News,https://www.engineeringnews.co.za/article/sibanye-confirms-final-marikana-retrenchment-figures-2020-01-16,expanded_media_candidates_batch3.csv
6637d15dfc4f674bef0bfb8057013848d79ae47c5095ea7c395cff17d6590d8d,2,expanded_official_candidates__EXP-OFFICIAL-008,expanded_official_candidates__EXP-OFFICIAL-008,true,Workers Bypassing Unions: How to Respond?,2014,Ian Macun / Department of Labour,https://www.justice.gov.za/comm-mrk/docs/20140331-SeminarPhase02-platinum.pdf,expanded_official_candidates.csv
6637d15dfc4f674bef0bfb8057013848d79ae47c5095ea7c395cff17d6590d8d,2,expanded_official_candidates__EXP-OFFICIAL-008,expanded_official_candidates_batch1__EXP-OFFICIAL-010,false,Workers Bypassing Unions: How to Respond?,2014,Ian Macun / Department of Labour / Marikana Commission Phase 2,https://www.justice.gov.za/comm-mrk/docs/20140331-SeminarPhase02-platinum.pdf,expanded_official_candidates_batch1.csv
6783bb29d75e2c9c4910ee6daba0965996b6b4bf172ba3e2696a8a6f6ecc9c8f,2,EXP-MEDIA-054,expanded_media_candidates__EXP-MEDIA-027,false,Marikana Massacre: Police absolve 87 of their own,2017,Daily Maverick,https://www.dailymaverick.co.za/article/2017-03-15-marikana-massacre-police-absolve-87-of-their-own/,expanded_media_candidates.csv
6783bb29d75e2c9c4910ee6daba0965996b6b4bf172ba3e2696a8a6f6ecc9c8f,2,EXP-MEDIA-054,EXP-MEDIA-054,true,Marikana Massacre: Police absolve 87 of their own,2017,Daily Maverick,https://www.dailymaverick.co.za/article/2017-03-15-marikana-massacre-police-absolve-87-of-their-own/,expanded_media_candidates_batch2.csv
68172a7887d71be89b99d48452ab1c81808df57cdb8195736a0a13a4ec6620a1,2,expanded_media_candidates_02__EXP-MEDIA-047,expanded_media_candidates_02__EXP-MEDIA-047,true,"In Marikana, local government's failures in plain sight",2012,Daily Maverick,https://www.dailymaverick.co.za/article/2012-09-10-in-marikana-local-governments-failures-in-plain-sight/,expanded_media_candidates_02.csv
68172a7887d71be89b99d48452ab1c81808df57cdb8195736a0a13a4ec6620a1,2,expanded_media_candidates_02__EXP-MEDIA-047,expanded_media_candidates_batch1__EXP-MEDIA-003,false,"In Marikana, local government's failures in plain sight",2012,Daily Maverick,https://www.dailymaverick.co.za/article/2012-09-10-in-marikana-local-governments-failures-in-plain-sight/,expanded_media_candidates_batch1.csv
69c58b25d169c562e7eb71d4e5049830ae2e97abeaaa9577afd59a75a060a2fe,2,expanded_official_candidates__EXP-OFFICIAL-004,expanded_official_candidates__EXP-OFFICIAL-004,true,Explaining violence in strikes,2014,Crispen Chinguno / SWOP,https://www.justice.gov.za/comm-mrk/docs/20140409-SeminarPhase02-Chinguno.pdf,expanded_official_candidates.csv
69c58b25d169c562e7eb71d4e5049830ae2e97abeaaa9577afd59a75a060a2fe,2,expanded_official_candidates__EXP-OFFICIAL-004,expanded_official_candidates_batch1__EXP-OFFICIAL-004,false,Explaining violence in strikes,2014,Crispen Chinguno / Marikana Commission Phase 2,https://www.justice.gov.za/comm-mrk/docs/20140409-SeminarPhase02-Chinguno.pdf,expanded_official_candidates_batch1.csv
717b9bd41d43f59ef7d48fcbbb6732ead01044031d6b06f2d98eae4c64c5eb5c,2,MEDIA-043,MEDIA-043,true,"Sibanye-Stillwater to acquire embattled Lonmin, completes PGMs strategy",2017,Mining Weekly,https://www.miningweekly.com/article/sibanye-stillwater-to-acquire-embattled-lonmin-in-all-share-offer-2017-12-14,retrieval_manifest
717b9bd41d43f59ef7d48fcbbb6732ead01044031d6b06f2d98eae4c64c5eb5c,2,MEDIA-043,DISC-MEDIA-0650,false,Sibanye Stillwater To Acquire Embattled Lonmin In All Share Offer,2017,Engineering News,https://www.engineeringnews.co.za/article/sibanye-stillwater-to-acquire-embattled-lonmin-in-all-share-offer-2017-12-14,expanded_media_candidates_discovery_direct.csv
736b6a8224deb7efcb57dbc884d8940f08aa91bcc7ffb9bbca5bb28e94edf950,2,expanded_official_candidates__EXP-OFFICIAL-006,expanded_official_candidates__EXP-OFFICIAL-006,true,Understanding the causes and re-thinking the future post the strike wave,2014,Gavin Hartford,https://www.justice.gov.za/comm-mrk/docs/20140409-SeminarPhase02-Hartford.pdf,expanded_official_candidates.csv
736b6a8224deb7efcb57dbc884d8940f08aa91bcc7ffb9bbca5bb28e94edf950,2,expanded_official_candidates__EXP-OFFICIAL-006,expanded_official_candidates_batch1__EXP-OFFICIAL-006,false,Understanding the causes and re-thinking the future post the strike wave,2014,Gavin Hartford / Marikana Commission Phase 2,https://www.justice.gov.za/comm-mrk/docs/20140409-SeminarPhase02-Hartford.pdf,expanded_official_candidates_batch1.csv
7bedcb812bbcb82c96a7085fe05d20c972d2f6c3bd27d7983a2b9b36f6f8b85a,2,expanded_media_candidates_batch1__EXP-MEDIA-037,expanded_media_candidates_batch1__EXP-MEDIA-037,true,Lonmin accused of prolonging platinum strike by hiding revenue,2014,Mining Weekly,https://www.miningweekly.com/article/lonmin-accused-of-prolonging-platinum-strike-by-hiding-revenue-2014-10-24,expanded_media_candidates_batch1.csv
7bedcb812bbcb82c96a7085fe05d20c972d2f6c3bd27d7983a2b9b36f6f8b85a,2,expanded_media_candidates_batch1__EXP-MEDIA-037,DISC-MEDIA-0417,false,Lonmin Accused Of Prolonging Platinum Strike By Hiding Revenue,2014,Engineering News,https://www.engineeringnews.co.za/article/lonmin-accused-of-prolonging-platinum-strike-by-hiding-revenue-2014-10-24,expanded_media_candidates_discovery_direct.csv
7d241e22febe66fa22ee00065039db1528a597d2db6ce16dcf9ad0339709cfb2,2,expanded_media_candidates__EXP-MEDIA-015,expanded_media_candidates__EXP-MEDIA-015,true,Marikana Commission: Gung-ho Mangwashi Phiyega under scrutiny,2013,Daily Maverick,https://www.dailymaverick.co.za/article/2013-01-24-marikana-commission-gung-ho-mangwashi-phiyega-under-scrutiny/,expanded_media_candidates.csv
7d241e22febe66fa22ee00065039db1528a597d2db6ce16dcf9ad0339709cfb2,2,expanded_media_candidates__EXP-MEDIA-015,expanded_media_candidates_batch1__EXP-MEDIA-013,false,Marikana Commission: Gung-ho Mangwashi Phiyega under scrutiny,2013,Daily Maverick,https://www.dailymaverick.co.za/article/2013-01-24-marikana-commission-gung-ho-mangwashi-phiyega-under-scrutiny/,expanded_media_candidates_batch1.csv
7d7e821d7afd43a9ab350608562868c891ab5eaaac49b4866ba3ac248de19060,2,MEDIA-014,MEDIA-014,true,Lonmin affirms Farlam report,2015,Mining Weekly,https://www.miningweekly.com/article/lonmin-affirms-farlam-report-2015-08-21,retrieval_manifest
7d7e821d7afd43a9ab350608562868c891ab5eaaac49b4866ba3ac248de19060,2,MEDIA-014,SAT5-MEDIA-002,false,Lonmin affirms Farlam report,2015,Engineering News / Creamer Media,https://www.engineeringnews.co.za/article/lonmin-affirms-farlam-report-2015-08-21,expanded_media_candidates_saturation_batch5.csv
7e1ef1a2b3856b3bca0f225448502f6d2fd9d3f7fbe54915e95806e1b5d78c3f,2,MEDIA-050,MEDIA-050,true,Rustenburg communities want ConCourt to set aside Sibanye's Lonmin takeover,2019,Mining Weekly,https://www.miningweekly.com/article/rustenburg-communities-want-concourt-to-set-aside-sibanyes-lonmin-takeover-2019-07-19,retrieval_manifest
7e1ef1a2b3856b3bca0f225448502f6d2fd9d3f7fbe54915e95806e1b5d78c3f,2,MEDIA-050,DISC-MEDIA-0624,false,Rustenburg Communities Want Concourt To Set Aside Sibanyes Lonmin Takeover,2019,Engineering News,https://www.engineeringnews.co.za/article/rustenburg-communities-want-concourt-to-set-aside-sibanyes-lonmin-takeover-2019-07-19,expanded_media_candidates_discovery_direct.csv
7fe9419c523f7bccdfc149fb1e17da4233c16f2f502960fbea6049db60811d9d,2,MEDIA-034,MEDIA-034,true,Miners regress on ARV treatment – Lonmin,2014,Mining Weekly,https://www.miningweekly.com/article/miners-regress-on-arv-treatment-lonmin-2014-04-14,retrieval_manifest
7fe9419c523f7bccdfc149fb1e17da4233c16f2f502960fbea6049db60811d9d,2,MEDIA-034,DISC-MEDIA-0582,false,Miners Regress On Arv Treatment Lonmin,2014,Engineering News,https://www.engineeringnews.co.za/article/miners-regress-on-arv-treatment-lonmin-2014-04-14,expanded_media_candidates_discovery_direct.csv
80121081a666ef695f72d2d33714e024fb0e86ac6a2a9f3d9bc4a3d7a7c1304e,2,expanded_official_candidates__EXP-OFFICIAL-010,expanded_official_candidates__EXP-OFFICIAL-010,true,Post-apartheid Trade Union Role and Weaknesses,2014,Sakhela Buhlungu / University of Cape Town,https://www.justice.gov.za/comm-mrk/docs/20140331-SeminarPhase02-UCT.pdf,expanded_official_candidates.csv
80121081a666ef695f72d2d33714e024fb0e86ac6a2a9f3d9bc4a3d7a7c1304e,2,expanded_official_candidates__EXP-OFFICIAL-010,expanded_official_candidates_batch1__EXP-OFFICIAL-009,false,Post-apartheid Trade union role and weaknesses,2014,Sakhela Buhlungu / Marikana Commission Phase 2,https://www.justice.gov.za/comm-mrk/docs/20140331-SeminarPhase02-UCT.pdf,expanded_official_candidates_batch1.csv
82537cbdb054407b0f325e09a049dd155bc410366aed46591e0cedc792d5b53a,2,expanded_media_candidates__EXP-MEDIA-020,expanded_media_candidates__EXP-MEDIA-020,true,"Marikana massacre: Ramaphosa's statement, revisited",2013,Daily Maverick,https://www.dailymaverick.co.za/article/2013-10-25-marikana-massacre-ramaphosas-statement-revisited/,expanded_media_candidates.csv
82537cbdb054407b0f325e09a049dd155bc410366aed46591e0cedc792d5b53a,2,expanded_media_candidates__EXP-MEDIA-020,expanded_media_candidates_batch1__EXP-MEDIA-018,false,"Marikana massacre: Ramaphosa's statement, revisited",2013,Daily Maverick,https://www.dailymaverick.co.za/article/2013-10-25-marikana-massacre-ramaphosas-statement-revisited/,expanded_media_candidates_batch1.csv
82df3a9d1d0c2c7e95456c17a99478bbfd21dfc8ed7bf9366517081d967d7216,2,EXP-MEDIA-059,expanded_media_candidates__EXP-MEDIA-034,false,SA still waiting for action on Farlam Commission findings,2019,Daily Maverick,https://www.dailymaverick.co.za/article/2019-08-16-sa-still-waiting-for-action-on-farlam-commission-findings/,expanded_media_candidates.csv
82df3a9d1d0c2c7e95456c17a99478bbfd21dfc8ed7bf9366517081d967d7216,2,EXP-MEDIA-059,EXP-MEDIA-059,true,SA still waiting for action on Farlam Commission findings,2019,Daily Maverick,https://www.dailymaverick.co.za/article/2019-08-16-sa-still-waiting-for-action-on-farlam-commission-findings/,expanded_media_candidates_batch2.csv
842da6df9a802193103c4ba60e9cd107231db88b36236aeafaab9c14d983fc77,2,expanded_media_candidates__EXP-MEDIA-004,expanded_media_candidates__EXP-MEDIA-004,true,NUM wants members at Lonmin back,2013,Mining Weekly,https://www.miningweekly.com/article/num-wants-members-at-lonmin-back-2013-07-11,expanded_media_candidates.csv
842da6df9a802193103c4ba60e9cd107231db88b36236aeafaab9c14d983fc77,2,expanded_media_candidates__EXP-MEDIA-004,DISC-MEDIA-0596,false,Num Wants Members At Lonmin Back,2013,Engineering News,https://www.engineeringnews.co.za/article/num-wants-members-at-lonmin-back-2013-07-11,expanded_media_candidates_discovery_direct.csv
859d244d38e3256815c92143321e9398bf9bc96df08850fe5316813c35040a4a,2,expanded_media_candidates_batch1__EXP-MEDIA-034,expanded_media_candidates_batch1__EXP-MEDIA-034,true,"Uphold overwhelming wish of workers to return, pleads Lonmin",2014,Mining Weekly,https://www.miningweekly.com/article/uphold-overwhelming-wish-of-workers-to-return-pleads-lonmin-2014-05-12,expanded_media_candidates_batch1.csv
859d244d38e3256815c92143321e9398bf9bc96df08850fe5316813c35040a4a,2,expanded_media_candidates_batch1__EXP-MEDIA-034,DISC-MEDIA-0680,false,Uphold Overwhelming Wish Of Workers To Return Pleads Lonmin,2014,Engineering News,https://www.engineeringnews.co.za/article/uphold-overwhelming-wish-of-workers-to-return-pleads-lonmin-2014-05-12,expanded_media_candidates_discovery_direct.csv
85f2f5ba9538dbc9941670775b274bea0baa0bd45ea1b1df425624e522f98a99,2,WEB-MEDIA-004,SAT-MEDIA-005,false,Sibanye continues to make reparations at Marikana,2022,Mining Weekly,https://www.miningweekly.com/article/sibanye-continues-to-make-reparations-at-marikana-2022-07-15,expanded_media_candidates_saturation_2019_2023.csv
85f2f5ba9538dbc9941670775b274bea0baa0bd45ea1b1df425624e522f98a99,2,WEB-MEDIA-004,WEB-MEDIA-004,true,Sibanye continues to make reparations at Marikana,2022,Mining Weekly,https://www.miningweekly.com/article/sibanye-continues-to-make-reparations-at-marikana-2022-07-15,expanded_media_candidates_web_2019_2023.csv
8684828da74611d944c3e07478e13fcbd064e45469bfb068908b8ff77b7ab8f7,2,EXP-MEDIA-057,expanded_media_candidates__EXP-MEDIA-031,false,The legacy of Marikana: Accountability urgent to prevent another atrocity,2018,Daily Maverick,https://www.dailymaverick.co.za/article/2018-08-15-the-legacy-of-marikana-accountability-urgent-to-prevent-another-atrocity/,expanded_media_candidates.csv
8684828da74611d944c3e07478e13fcbd064e45469bfb068908b8ff77b7ab8f7,2,EXP-MEDIA-057,EXP-MEDIA-057,true,The legacy of Marikana: Accountability urgent to prevent another atrocity,2018,Daily Maverick,https://www.dailymaverick.co.za/article/2018-08-15-the-legacy-of-marikana-accountability-urgent-to-prevent-another-atrocity/,expanded_media_candidates_batch2.csv
8825ab2318ab4f6951ed03e04952b36b5662b84dac3f86c4860fa284bcdfe95b,2,expanded_official_candidates__EXP-OFFICIAL-009,expanded_official_candidates__EXP-OFFICIAL-009,true,Resolving labour tensions in African mining – the effective regulation of industrial democracy,2014,John Brand,https://www.justice.gov.za/comm-mrk/docs/20140331-SeminarPhase02-SAIIA-Roundtable.pdf,expanded_official_candidates.csv
8825ab2318ab4f6951ed03e04952b36b5662b84dac3f86c4860fa284bcdfe95b,2,expanded_official_candidates__EXP-OFFICIAL-009,expanded_official_candidates_batch1__EXP-OFFICIAL-008,false,Resolving labour tensions in African mining – The effective regulation of industrial democracy,2014,John Brand / Marikana Commission Phase 2,https://www.justice.gov.za/comm-mrk/docs/20140331-SeminarPhase02-SAIIA-Roundtable.pdf,expanded_official_candidates_batch1.csv
88eaf683fa20e5459e7370eb3ddd920796b83e3651d897087612bbcda777e415,2,expanded_media_candidates_batch1__EXP-MEDIA-041,expanded_media_candidates_batch1__EXP-MEDIA-041,true,Lonmin miners return to work,2013,Engineering News,https://www.engineeringnews.co.za/article/lonmin-miners-return-to-work-2013-05-15,expanded_media_candidates_batch1.csv
88eaf683fa20e5459e7370eb3ddd920796b83e3651d897087612bbcda777e415,2,expanded_media_candidates_batch1__EXP-MEDIA-041,SAT-EARLY-MEDIA-014,false,Lonmin miners return to work,2013,Engineering News / Sapa,https://www.engineeringnews.co.za/article/lonmin-miners-return-to-work-2013-05-15,expanded_media_candidates_saturation_2010_2018.csv
915f52080c81dac97b35af50a3fff0165753883fcae554b6bba18171c87d42a8,2,expanded_media_candidates__EXP-MEDIA-025,expanded_media_candidates__EXP-MEDIA-025,true,amaBhungane: 'War' looming over Marikana housing evictions,2016,Daily Maverick,https://www.dailymaverick.co.za/article/2016-08-31-amabhungane-war-looming-over-marikana-housing-evictions/,expanded_media_candidates.csv
915f52080c81dac97b35af50a3fff0165753883fcae554b6bba18171c87d42a8,2,expanded_media_candidates__EXP-MEDIA-025,expanded_media_candidates_batch2__EXP-MEDIA-051,false,amaBhungane: 'War' looming over Marikana housing evictions,2016,Daily Maverick,https://www.dailymaverick.co.za/article/2016-08-31-amabhungane-war-looming-over-marikana-housing-evictions/,expanded_media_candidates_batch2.csv
938cc080fd5f0ff94637d01f410c63ea00e7941dfba6f935d2ee09925dac035b,2,expanded_media_candidates__EXP-MEDIA-008,expanded_media_candidates__EXP-MEDIA-008,true,Solidarity gears up for Lonmin strike,2013,Mining Weekly,https://www.miningweekly.com/article/solidarity-gears-up-for-lonmin-strike-2013-08-19,expanded_media_candidates.csv
938cc080fd5f0ff94637d01f410c63ea00e7941dfba6f935d2ee09925dac035b,2,expanded_media_candidates__EXP-MEDIA-008,DISC-MEDIA-0658,false,Solidarity Gears Up For Lonmin Strike,2013,Engineering News,https://www.engineeringnews.co.za/article/solidarity-gears-up-for-lonmin-strike-2013-08-19,expanded_media_candidates_discovery_direct.csv
94e3ad1f6b6588ff3cb8ed3b8602b93ff58845987c9b84a4819123536f32a898,2,MEDIA-038,MEDIA-038,true,"AMCU stands firm on R12 500 demand, Lonmin calls on union to reconsider 9%",2014,Mining Weekly,https://www.miningweekly.com/article/amcu-stands-firm-on-r12-500-demand-lonmin-calls-on-union-to-reconsider-9-2014-04-03,retrieval_manifest
94e3ad1f6b6588ff3cb8ed3b8602b93ff58845987c9b84a4819123536f32a898,2,MEDIA-038,DISC-MEDIA-0370,false,Amcu Stands Firm On R12 500 Demand Lonmin Calls On Union To Reconsider 9,2014,Engineering News,https://www.engineeringnews.co.za/article/amcu-stands-firm-on-r12-500-demand-lonmin-calls-on-union-to-reconsider-9-2014-04-03,expanded_media_candidates_discovery_direct.csv
96c5940da3be55d96a4dd32fd89d4a2b44b1e29eb4ed3adf0bd480d1ac697891,2,expanded_media_candidates__EXP-MEDIA-019,expanded_media_candidates__EXP-MEDIA-019,true,"Marikana massacre: SAPS, Lonmin, Ramaphosa & time for blood. Miners' blood.",2013,Daily Maverick,https://www.dailymaverick.co.za/article/2013-10-24-marikana-massacre-saps-lonmin-ramaphosa-time-for-blood-miners-blood/,expanded_media_candidates.csv
96c5940da3be55d96a4dd32fd89d4a2b44b1e29eb4ed3adf0bd480d1ac697891,2,expanded_media_candidates__EXP-MEDIA-019,expanded_media_candidates_batch1__EXP-MEDIA-017,false,"Marikana massacre: SAPS, Lonmin, Ramaphosa & time for blood. Miners' blood.",2013,Daily Maverick,https://www.dailymaverick.co.za/article/2013-10-24-marikana-massacre-saps-lonmin-ramaphosa-time-for-blood-miners-blood/,expanded_media_candidates_batch1.csv
9a5336c74d76ef52480d800c3d0ee3237e633e6ffbd99d87a864cbc05256a367,2,MEDIA-057,MEDIA-057,true,"Mine workers have seen significant wage growth since Marikana, but social burdens undermine gains",2022,Daily Maverick,https://www.dailymaverick.co.za/article/2022-07-24-mine-workers-have-seen-significant-wage-growth-since-marikana-but-social-burdens-undermine-gains/,retrieval_manifest
9a5336c74d76ef52480d800c3d0ee3237e633e6ffbd99d87a864cbc05256a367,2,MEDIA-057,SAT4-MEDIA-003,false,"Mine workers have seen significant wage growth since Marikana, but social burdens undermine gains",2022,Daily Maverick,https://www.dailymaverick.co.za/article/2022-07-24-mine-workers-have-seen-significant-wage-growth-since-marikana-but-social-burdens-undermine-gains/,expanded_media_candidates_saturation_batch4.csv
9c5659618df18f9656e7fde276268faf89722620d155f4f2f9366b5c06c7e273,2,expanded_media_candidates_batch2__EXP-MEDIA-047,expanded_media_candidates_batch2__EXP-MEDIA-047,true,Violent protestors demand 1 500 new jobs from struggling Lonmin,2017,Mining Weekly,https://www.miningweekly.com/article/violent-protestors-demand-1-500-new-jobs-from-struggling-lonmin-2017-05-11,expanded_media_candidates_batch2.csv
9c5659618df18f9656e7fde276268faf89722620d155f4f2f9366b5c06c7e273,2,expanded_media_candidates_batch2__EXP-MEDIA-047,DISC-MEDIA-0681,false,Violent Protestors Demand 1 500 New Jobs From Struggling Lonmin,2017,Engineering News,https://www.engineeringnews.co.za/article/violent-protestors-demand-1-500-new-jobs-from-struggling-lonmin-2017-05-11,expanded_media_candidates_discovery_direct.csv
9ce4957dd8c906e04ff650d7bad28fd70a61fd475c7b69b25c913e5908699acb,2,expanded_media_candidates__EXP-MEDIA-035,expanded_media_candidates__EXP-MEDIA-035,true,"Marikana massacre: The devastating impact of the narrative painted by business, police and the state",2020,Daily Maverick,https://www.dailymaverick.co.za/article/2020-08-26-marikana-massacre-the-devastating-impact-of-the-narrative-painted-by-business-police-and-the-state/,expanded_media_candidates.csv
9ce4957dd8c906e04ff650d7bad28fd70a61fd475c7b69b25c913e5908699acb,2,expanded_media_candidates__EXP-MEDIA-035,expanded_media_candidates_batch1__EXP-MEDIA-021,false,"Marikana massacre: The devastating impact of the narrative painted by business, police and the state",2020,Daily Maverick,https://www.dailymaverick.co.za/article/2020-08-26-marikana-massacre-the-devastating-impact-of-the-narrative-painted-by-business-police-and-the-state/,expanded_media_candidates_batch1.csv
9d912013d21925bb2185899c422d707ce1603f28416115e57f40dfd8ef712a01,2,EXP-MEDIA-055,expanded_media_candidates__EXP-MEDIA-028,false,"Marikana Massacre: 'He is fine, let him die'",2017,Daily Maverick,https://www.dailymaverick.co.za/article/2017-03-20-marikana-massacre-he-is-fine-let-him-die/,expanded_media_candidates.csv
9d912013d21925bb2185899c422d707ce1603f28416115e57f40dfd8ef712a01,2,EXP-MEDIA-055,EXP-MEDIA-055,true,"Marikana Massacre: 'He is fine, let him die'",2017,Daily Maverick,https://www.dailymaverick.co.za/article/2017-03-20-marikana-massacre-he-is-fine-let-him-die/,expanded_media_candidates_batch2.csv
9f5a177148997e97608108c15e4cc5d5ff718b7978d61dd51aae6d9bed3ee55a,2,MEDIA-055,MEDIA-055,true,Sibanye to hold webcast series to aid healing and renewal in Marikana,2021,Mining Weekly,https://www.miningweekly.com/article/sibanye-to-hold-webcast-series-to-aid-healing-and-renewal-in-marikana-2021-08-11,retrieval_manifest
9f5a177148997e97608108c15e4cc5d5ff718b7978d61dd51aae6d9bed3ee55a,2,MEDIA-055,DISC-MEDIA-0652,false,Sibanye To Hold Webcast Series To Aid Healing And Renewal In Marikana,2021,Engineering News,https://www.engineeringnews.co.za/article/sibanye-to-hold-webcast-series-to-aid-healing-and-renewal-in-marikana-2021-08-11,expanded_media_candidates_discovery_direct.csv
9f6fdfe27a325bea23bbbbba8983e050139ebc06d24afd25c0dce6eb8a9be18b,2,expanded_media_candidates_02__EXP-MEDIA-048,expanded_media_candidates_02__EXP-MEDIA-048,true,Cyril Ramaphosa: The true betrayal,2012,Daily Maverick,https://www.dailymaverick.co.za/article/2012-10-27-cyril-ramaphosa-the-true-betrayal/,expanded_media_candidates_02.csv
9f6fdfe27a325bea23bbbbba8983e050139ebc06d24afd25c0dce6eb8a9be18b,2,expanded_media_candidates_02__EXP-MEDIA-048,expanded_media_candidates_batch1__EXP-MEDIA-009,false,Cyril Ramaphosa: The true betrayal,2012,Daily Maverick,https://www.dailymaverick.co.za/article/2012-10-27-cyril-ramaphosa-the-true-betrayal/,expanded_media_candidates_batch1.csv
a0ac1cdffa5fe26d47c2c621ce789456afc6aa1b5d583d72c1979254dc40100a,2,expanded_media_candidates__EXP-MEDIA-003,expanded_media_candidates__EXP-MEDIA-003,true,Lonmin to derecognise smaller unions in favour of AMCU,2013,Mining Weekly,https://www.miningweekly.com/article/lonmin-to-derecognise-smaller-unions-in-favour-of-amcu-2013-08-23,expanded_media_candidates.csv
a0ac1cdffa5fe26d47c2c621ce789456afc6aa1b5d583d72c1979254dc40100a,2,expanded_media_candidates__EXP-MEDIA-003,expanded_media_candidates_batch1__EXP-MEDIA-028,false,Lonmin to derecognise smaller unions in favour of AMCU,2013,Mining Weekly,https://www.miningweekly.com/article/lonmin-to-derecognise-smaller-unions-in-favour-of-amcu-2013-08-23,expanded_media_candidates_batch1.csv
a1fbe8e186da7777a527e45d3bebfff23dfae30a4acadfc5966fbb64ae221783,2,expanded_media_candidates_batch2__EXP-MEDIA-046,expanded_media_candidates_batch2__EXP-MEDIA-046,true,Lonmin committed to R500m expenditure on employee apartments,2017,Mining Weekly,https://www.miningweekly.com/article/lonmin-committed-to-r500m-expenditure-on-employee-apartments-2017-04-07,expanded_media_candidates_batch2.csv
a1fbe8e186da7777a527e45d3bebfff23dfae30a4acadfc5966fbb64ae221783,2,expanded_media_candidates_batch2__EXP-MEDIA-046,DISC-MEDIA-0435,false,Lonmin Committed To R500M Expenditure On Employee Apartments,2017,Engineering News,https://www.engineeringnews.co.za/article/lonmin-committed-to-r500m-expenditure-on-employee-apartments-2017-04-07,expanded_media_candidates_discovery_direct.csv
a4028b0469f47c91edd08cf951e53adb7830645fb37608c81622fc07ae5c6aed,2,MEDIA-019,MEDIA-019,true,Marikana: The unfolding of a never-ending tragedy,2021,Daily Maverick,https://www.dailymaverick.co.za/article/2021-08-14-marikana-the-unfolding-of-a-never-ending-tragedy/,retrieval_manifest
a4028b0469f47c91edd08cf951e53adb7830645fb37608c81622fc07ae5c6aed,2,MEDIA-019,SAT6-MEDIA-002,false,Marikana: The unfolding of a never-ending tragedy,2021,Daily Maverick,https://www.dailymaverick.co.za/article/2021-08-14-marikana-the-unfolding-of-a-never-ending-tragedy/,expanded_media_candidates_saturation_batch6.csv
a5b56788736894d75b585aa7608def072009c822ba941d76f6bab550023c7c8c,2,expanded_corporate_candidates__EXP-CORP-001,expanded_corporate_candidates__EXP-CORP-001,true,Lonmin Plc Annual Report and Accounts 2010,2010,Lonmin Plc,https://www.annualreports.com/HostedData/AnnualReportArchive/l/LSE_LMI_2010.pdf,expanded_corporate_candidates.csv
a5b56788736894d75b585aa7608def072009c822ba941d76f6bab550023c7c8c,2,expanded_corporate_candidates__EXP-CORP-001,expanded_corporate_candidates_batch1__EXP-CORP-001,false,Lonmin Plc Annual Report and Accounts 2010,2010,Lonmin Plc,https://www.annualreports.com/HostedData/AnnualReportArchive/l/LSE_LMI_2010.pdf,expanded_corporate_candidates_batch1.csv
ae235576b42db012554ea774e72ccd7766e1758daf46d01e9fb58532abd34f40,2,MEDIA-048,MEDIA-048,true,"Lonmin undertakes refinancing, delivers on results promise",2018,Mining Weekly,https://www.miningweekly.com/article/lonmin-undertakes-refinancing-delivers-on-results-promise-2018-10-22,retrieval_manifest
ae235576b42db012554ea774e72ccd7766e1758daf46d01e9fb58532abd34f40,2,MEDIA-048,DISC-MEDIA-0525,false,Lonmin Undertakes Refinancing Delivers On Results Promise,2018,Engineering News,https://www.engineeringnews.co.za/article/lonmin-undertakes-refinancing-delivers-on-results-promise-2018-10-22,expanded_media_candidates_discovery_direct.csv
ae9c60867b5842e43e8a10fc3258be0a8c95ff6a53dc9ee81ebdb933fe619157,2,MEDIA-044,MEDIA-044,true,Lonmin transaction filed with South Africa's competition authority,2018,Mining Weekly,https://www.miningweekly.com/article/lonmin-transaction-filed-with-south-africas-competition-body-2018-03-30,retrieval_manifest
ae9c60867b5842e43e8a10fc3258be0a8c95ff6a53dc9ee81ebdb933fe619157,2,MEDIA-044,DISC-MEDIA-0524,false,Lonmin Transaction Filed With South Africas Competition Body,2018,Engineering News,https://www.engineeringnews.co.za/article/lonmin-transaction-filed-with-south-africas-competition-body-2018-03-30,expanded_media_candidates_discovery_direct.csv
b2af45e17550f0b05990f74d4c1ab401cd4d24405b9814d796763ee4fe596711,2,expanded_corporate_candidates__EXP-CORP-002,expanded_corporate_candidates__EXP-CORP-002,true,Lonmin Plc Annual Report and Accounts 2011,2011,Lonmin Plc,https://www.annualreports.co.uk/HostedData/AnnualReportArchive/l/LSE_LMI_2011.pdf,source_overrides
b2af45e17550f0b05990f74d4c1ab401cd4d24405b9814d796763ee4fe596711,2,expanded_corporate_candidates__EXP-CORP-002,expanded_corporate_candidates_batch1__EXP-CORP-002,false,Lonmin Plc Annual Report and Accounts 2011,2011,Lonmin Plc,https://www.annualreports.co.uk/HostedData/AnnualReportArchive/l/LSE_LMI_2011.pdf,source_overrides
b3c9a6a8e3ea884723879deaf08dcbf70699096a6e5d8b3073e0c88d671af39a,2,expanded_media_candidates__EXP-MEDIA-024,expanded_media_candidates__EXP-MEDIA-024,true,Marikana report: Key findings and recommendations,2015,Daily Maverick,https://www.dailymaverick.co.za/article/2015-06-26-marikana-report-key-findings-and-recommendations/,expanded_media_candidates.csv
b3c9a6a8e3ea884723879deaf08dcbf70699096a6e5d8b3073e0c88d671af39a,2,expanded_media_candidates__EXP-MEDIA-024,expanded_media_candidates_batch1__EXP-MEDIA-020,false,Marikana report: Key findings and recommendations,2015,Daily Maverick,https://www.dailymaverick.co.za/article/2015-06-26-marikana-report-key-findings-and-recommendations/,expanded_media_candidates_batch1.csv
b763bae40df748d570ece64fca07138d9be28acad35ec80381f814d7f1deb773,2,expanded_media_candidates_02__EXP-MEDIA-037,expanded_media_candidates_02__EXP-MEDIA-037,true,Lonmin workers embark on illegal work stoppage,2013,Mining Weekly,https://www.miningweekly.com/article/illegal-strike-erupts-at-lonmin-2013-03-05,expanded_media_candidates_02.csv
b763bae40df748d570ece64fca07138d9be28acad35ec80381f814d7f1deb773,2,expanded_media_candidates_02__EXP-MEDIA-037,DISC-MEDIA-0409,false,Illegal Strike Erupts At Lonmin,2013,Engineering News,https://www.engineeringnews.co.za/article/illegal-strike-erupts-at-lonmin-2013-03-05,expanded_media_candidates_discovery_direct.csv
b92b1db90083c42daf69b69d0a02bc85bbc8582006aebb6faef2bf3678d59487,2,MEDIA-025,MEDIA-025,true,"Farlam wants workers housed, Mining Charter goes to court, coal firms transform for Eskom",2015,Mining Weekly,https://www.miningweekly.com/article/farlam-wants-workers-housed-mining-charter-goes-to-court-coal-firms-transform-for-eskom-2015-06-26,retrieval_manifest
b92b1db90083c42daf69b69d0a02bc85bbc8582006aebb6faef2bf3678d59487,2,MEDIA-025,DISC-MEDIA-0400,false,Farlam Wants Workers Housed Mining Charter Goes To Court Coal Firms Transform For Eskom,2015,Engineering News,https://www.engineeringnews.co.za/article/farlam-wants-workers-housed-mining-charter-goes-to-court-coal-firms-transform-for-eskom-2015-06-26,expanded_media_candidates_discovery_direct.csv
baeec3a7c99a7b343170c0de105cbfefd58992bce68d843c8efaa264ce12213f,2,EXP-OFFICIAL-015,expanded_official_candidates__EXP-OFFICIAL-012,false,Monene Family Heads of Argument,2014,Monene Family / SERI archive,https://www.seri-sa.org/images/Monene_Heads.pdf,expanded_official_candidates.csv
baeec3a7c99a7b343170c0de105cbfefd58992bce68d843c8efaa264ce12213f,2,EXP-OFFICIAL-015,EXP-OFFICIAL-015,true,Monene Family Heads of Argument,2014,Monene Family / Marikana Commission,https://www.seri-sa.org/images/Monene_Heads.pdf,expanded_official_candidates_batch3.csv
bdde2146058551a3cb378e07c37702ea896f053309cfb27388040e0db5d90f9f,2,MEDIA-033,MEDIA-033,true,Strike-hit mothers have no food to put on the table – Lonmin,2014,Mining Weekly,https://www.miningweekly.com/article/strike-hit-mothers-have-no-food-to-put-on-the-table-lonmin-2014-04-03,retrieval_manifest
bdde2146058551a3cb378e07c37702ea896f053309cfb27388040e0db5d90f9f,2,MEDIA-033,DISC-MEDIA-0665,false,Strike Hit Mothers Have No Food To Put On The Table Lonmin,2014,Engineering News,https://www.engineeringnews.co.za/article/strike-hit-mothers-have-no-food-to-put-on-the-table-lonmin-2014-04-03,expanded_media_candidates_discovery_direct.csv
bfbc32ec233982d3a7c8f59ade02777d935b43d9f1bfae9580a606235daa6448,2,WEB-MEDIA-007,SAT-MEDIA-007,false,After the Bell: South African miners are by no means earning the ‘slave wages’ asserted by Amcu leader,2023,Daily Maverick,https://www.dailymaverick.co.za/article/2023-12-10-after-the-bell-sa-miners-are-by-no-means-earning-the-slave-wages-asserted-by-amcus-mathunjwa/,expanded_media_candidates_saturation_2019_2023.csv
bfbc32ec233982d3a7c8f59ade02777d935b43d9f1bfae9580a606235daa6448,2,WEB-MEDIA-007,WEB-MEDIA-007,true,After the Bell: South African miners are by no means earning the 'slave wages' asserted by Amcu leader,2023,Daily Maverick,https://www.dailymaverick.co.za/article/2023-12-10-after-the-bell-sa-miners-are-by-no-means-earning-the-slave-wages-asserted-by-amcus-mathunjwa/,expanded_media_candidates_web_2019_2023.csv
c6c124a261234f471b6f92f7ed979a77adf3dfa6bb579e1014a019ae72d83511,2,expanded_official_candidates__EXP-OFFICIAL-003,expanded_official_candidates__EXP-OFFICIAL-003,true,How can the South African Police Service prevent another Marikana?,2014,Gareth Newham / Institute for Security Studies,https://www.justice.gov.za/comm-mrk/docs/20140409-SeminarPhase02-Newham.pdf,expanded_official_candidates.csv
c6c124a261234f471b6f92f7ed979a77adf3dfa6bb579e1014a019ae72d83511,2,expanded_official_candidates__EXP-OFFICIAL-003,expanded_official_candidates_batch1__EXP-OFFICIAL-003,false,How can the South African Police Service prevent another Marikana?,2014,Gareth Newham / Marikana Commission Phase 2,https://www.justice.gov.za/comm-mrk/docs/20140409-SeminarPhase02-Newham.pdf,expanded_official_candidates_batch1.csv
c720aba17fa78b1ef7a4987b341682d4d662d137b980f591e44c2966b3dcd7ca,11,DISC-MEDIA-0402,DISC-MEDIA-0402,true,Full Ownership Of Pandora Jv Set To Unlock Significant Potential For Lonmin,2018,Engineering News,https://www.engineeringnews.co.za/article/full-ownership-of-pandora-jv-set-to-unlock-significant-potential-for-lonmin-2018-01-19,expanded_media_candidates_discovery_direct.csv
c720aba17fa78b1ef7a4987b341682d4d662d137b980f591e44c2966b3dcd7ca,11,DISC-MEDIA-0402,DISC-MEDIA-0455,false,Lonmin Going All Out To Find Partners To Help It Address Pressing Accommodation Challenge,2017,Engineering News,https://www.engineeringnews.co.za/article/lonmin-going-all-out-to-find-partners-to-help-it-address-pressing-accommodation-challenge-2017-04-07,expanded_media_candidates_discovery_direct.csv
c720aba17fa78b1ef7a4987b341682d4d662d137b980f591e44c2966b3dcd7ca,11,DISC-MEDIA-0402,DISC-MEDIA-0462,false,Lonmin Launches 407M Rights Issue Records Heavy Fy Financial Losses,2015,Engineering News,https://www.engineeringnews.co.za/article/lonmin-launches-407m-rights-issue-records-heavy-fy-financial-losses-2015-11-20,expanded_media_candidates_discovery_direct.csv
c720aba17fa78b1ef7a4987b341682d4d662d137b980f591e44c2966b3dcd7ca,11,DISC-MEDIA-0402,DISC-MEDIA-0468,false,Lonmin Looks To Shareholder For 400M Parachute Maintains Job Cut Plans,2015,Engineering News,https://www.engineeringnews.co.za/article/lonmin-looks-to-shareholder-for-400m-parachute-maintains-job-cut-plans-2015-10-30,expanded_media_candidates_discovery_direct.csv
c720aba17fa78b1ef7a4987b341682d4d662d137b980f591e44c2966b3dcd7ca,11,DISC-MEDIA-0402,DISC-MEDIA-0477,false,Lonmin Plans To Cut 4 100 Workers As It Closes Platinum Mines,2019,Engineering News,https://www.engineeringnews.co.za/article/lonmin-plans-to-cut-4-100-workers-as-it-closes-platinum-mines-2019-05-31,expanded_media_candidates_discovery_direct.csv
c720aba17fa78b1ef7a4987b341682d4d662d137b980f591e44c2966b3dcd7ca,11,DISC-MEDIA-0402,DISC-MEDIA-0490,false,Lonmin Returns To Profitability Ahead Of Sibanye Stillwater Merger,2018,Engineering News,https://www.engineeringnews.co.za/article/lonmin-returns-to-profitability-ahead-of-sibanye-stillwater-merger-2018-12-07,expanded_media_candidates_discovery_direct.csv
c720aba17fa78b1ef7a4987b341682d4d662d137b980f591e44c2966b3dcd7ca,11,DISC-MEDIA-0402,DISC-MEDIA-0536,false,Lonmins New Ceo Shoulders Output Push As Costs Soar,2013,Engineering News,https://www.engineeringnews.co.za/article/lonmins-new-ceo-shoulders-output-push-as-costs-soar-2013-04-04,expanded_media_candidates_discovery_direct.csv
c720aba17fa78b1ef7a4987b341682d4d662d137b980f591e44c2966b3dcd7ca,11,DISC-MEDIA-0402,DISC-MEDIA-0543,false,Lonminsibanye Merger Judgment Set For Friday,2019,Engineering News,https://www.engineeringnews.co.za/article/lonminsibanye-merger-judgment-set-for-friday-2019-05-24,expanded_media_candidates_discovery_direct.csv
c720aba17fa78b1ef7a4987b341682d4d662d137b980f591e44c2966b3dcd7ca,11,DISC-MEDIA-0402,DISC-MEDIA-0546,false,Lrc Holding Saps And Lonmin Responsible For Deaths And Injuries Of Mineworkers,2014,Engineering News,https://www.engineeringnews.co.za/article/lrc-holding-saps-and-lonmin-responsible-for-deaths-and-injuries-of-mineworkers-2014-11-14,expanded_media_candidates_discovery_direct.csv
c720aba17fa78b1ef7a4987b341682d4d662d137b980f591e44c2966b3dcd7ca,11,DISC-MEDIA-0402,DISC-MEDIA-0605,false,Platinum Price Upturn Needed To Sustain Industry Lonmin,2017,Engineering News,https://www.engineeringnews.co.za/article/platinum-price-upturn-needed-to-sustain-industry-lonmin-2017-02-03,expanded_media_candidates_discovery_direct.csv
c720aba17fa78b1ef7a4987b341682d4d662d137b980f591e44c2966b3dcd7ca,11,DISC-MEDIA-0402,DISC-MEDIA-0623,false,Rosatom Partners To Trial Small Hydropower Plant At Lonmin,2016,Engineering News,https://www.engineeringnews.co.za/article/rosatom-partners-to-trial-small-hydropower-plant-at-lonmin-2016-07-22,expanded_media_candidates_discovery_direct.csv
c7e7a4542751c1a9f8349f74bf154d4eafe924511e804c56a0f1610cf102f43f,2,EXP-OFFICIAL-013,EXP-OFFICIAL-013,true,Lepaaku and Baloyi Families Written Submissions,2014,Lepaaku and Baloyi Families / SERI archive,https://www.seri-sa.org/images/Lepaaku_Baloyi_Heads.pdf,expanded_official_candidates.csv
c7e7a4542751c1a9f8349f74bf154d4eafe924511e804c56a0f1610cf102f43f,2,EXP-OFFICIAL-013,EXP-OFFICIAL-016,false,Lepaaku and Baloyi Families Written Submissions,2014,Lepaaku and Baloyi Families / Marikana Commission,https://www.seri-sa.org/images/Lepaaku_Baloyi_Heads.pdf,expanded_official_candidates_batch3.csv
c99bac44e1364177d488c0460d93e602bd5b8037be5ac41ed24db00d3ea6d021,2,MEDIA-046,MEDIA-046,true,UK regulatory body approves Sibanye's acquisition of Lonmin,2018,Mining Weekly,https://www.miningweekly.com/article/uk-regulatory-body-approves-sibanyes-acquisition-of-lonmin-2018-06-28,retrieval_manifest
c99bac44e1364177d488c0460d93e602bd5b8037be5ac41ed24db00d3ea6d021,2,MEDIA-046,DISC-MEDIA-0678,false,Uk Regulatory Body Approves Sibanyes Acquisition Of Lonmin,2018,Engineering News,https://www.engineeringnews.co.za/article/uk-regulatory-body-approves-sibanyes-acquisition-of-lonmin-2018-06-28,expanded_media_candidates_discovery_direct.csv
caa6af17666af9c26a64dfbe5de223ec5ed64addd7a07c82c93ef45a99382a44,2,EXP-MEDIA-067,EXP-MEDIA-067,true,Sibanye continues to make reparations at Marikana,2022,Mining Weekly,https://www.miningweekly.com/article/sibanye-continues-to-make-reparations-at-marikana-2022-07-15,expanded_media_candidates_batch3.csv
caa6af17666af9c26a64dfbe5de223ec5ed64addd7a07c82c93ef45a99382a44,2,EXP-MEDIA-067,DISC-MEDIA-0635,false,Sibanye Continues To Make Reparations At Marikana,2022,Engineering News,https://www.engineeringnews.co.za/article/sibanye-continues-to-make-reparations-at-marikana-2022-07-15,expanded_media_candidates_discovery_direct.csv
cc2ec1006aff7203dde7101093cffe20f78605fac7cc80c63fec839928f2e7da,2,expanded_media_candidates_02__EXP-MEDIA-051,expanded_media_candidates_02__EXP-MEDIA-051,true,"Lonmin ops ramping up, normal levels expected by Q1 2015",2014,Mining Weekly,https://www.miningweekly.com/article/lonmin-ops-ramping-up-normal-levels-expected-by-q1-2015-2014-07-25,expanded_media_candidates_02.csv
cc2ec1006aff7203dde7101093cffe20f78605fac7cc80c63fec839928f2e7da,2,expanded_media_candidates_02__EXP-MEDIA-051,DISC-MEDIA-0473,false,Lonmin Ops Ramping Up Normal Levels Expected By Q1 2015,2014,Engineering News,https://www.engineeringnews.co.za/article/lonmin-ops-ramping-up-normal-levels-expected-by-q1-2015-2014-07-25,expanded_media_candidates_discovery_direct.csv
ccd486835abc9e2861b9e6afe74c3615a67ba703abe0f9257cdf6dc83f59f45c,2,MEDIA-026,MEDIA-026,true,"Lonmin cuts workforce, shrinks capex, lowers unit costs",2015,Mining Weekly,https://www.miningweekly.com/article/lonmin-cuts-workforce-shrinks-capex-lowers-unit-costs-2015-11-13,retrieval_manifest
ccd486835abc9e2861b9e6afe74c3615a67ba703abe0f9257cdf6dc83f59f45c,2,MEDIA-026,DISC-MEDIA-0445,false,Lonmin Cuts Workforce Shrinks Capex Lowers Unit Costs,2015,Engineering News,https://www.engineeringnews.co.za/article/lonmin-cuts-workforce-shrinks-capex-lowers-unit-costs-2015-11-13,expanded_media_candidates_discovery_direct.csv
cced0238ea60dc7a3310902894f0296495191e40e79060c0811107975d7e3b58,2,expanded_media_candidates_batch1__EXP-MEDIA-026,expanded_media_candidates_batch1__EXP-MEDIA-026,true,Lonmin says significant safety records achieved at Marikana,2013,Mining Weekly,https://www.miningweekly.com/article/lonmin-says-significant-safety-records-achieved-at-marikana-2013-01-24,expanded_media_candidates_batch1.csv
cced0238ea60dc7a3310902894f0296495191e40e79060c0811107975d7e3b58,2,expanded_media_candidates_batch1__EXP-MEDIA-026,DISC-MEDIA-0498,false,Lonmin Says Significant Safety Records Achieved At Marikana,2013,Engineering News,https://www.engineeringnews.co.za/article/lonmin-says-significant-safety-records-achieved-at-marikana-2013-01-24,expanded_media_candidates_discovery_direct.csv
d0287e54705dfc9ccf054bdf003e7ab908f14ead8315dae75e2f9dd42d8bea51,2,MEDIA-018,MEDIA-018,true,Sibanye hosts Marikana memorial lecture,2020,Mining Weekly,https://www.miningweekly.com/article/sibanye-hosts-marikana-memorial-lecture-2020-08-14,retrieval_manifest
d0287e54705dfc9ccf054bdf003e7ab908f14ead8315dae75e2f9dd42d8bea51,2,MEDIA-018,DISC-MEDIA-0640,false,Sibanye Hosts Marikana Memorial Lecture,2020,Engineering News,https://www.engineeringnews.co.za/article/sibanye-hosts-marikana-memorial-lecture-2020-08-14,expanded_media_candidates_discovery_direct.csv
d64fdcae967a6750b2124c255f10177e569f91c1741ee82e34e7eec87ac5bd68,2,expanded_media_candidates_batch2__EXP-MEDIA-050,expanded_media_candidates_batch2__EXP-MEDIA-050,true,Lonmin community wants operations suspended on social failings,2017,Mining Weekly,https://www.miningweekly.com/article/lonmin-community-wants-operations-suspended-on-social-failings-2017-10-25,expanded_media_candidates_batch2.csv
d64fdcae967a6750b2124c255f10177e569f91c1741ee82e34e7eec87ac5bd68,2,expanded_media_candidates_batch2__EXP-MEDIA-050,DISC-MEDIA-0438,false,Lonmin Community Wants Operations Suspended On Social Failings,2017,Engineering News,https://www.engineeringnews.co.za/article/lonmin-community-wants-operations-suspended-on-social-failings-2017-10-25,expanded_media_candidates_discovery_direct.csv
da373ba2081666be4d0becae88df4728057bc7a58a96a9498f4427fde771a997,2,MEDIA-016,MEDIA-016,true,Lonmin unveils design proposal for Marikana memorial park showcases new apartments,2017,Mining Weekly,https://www.miningweekly.com/article/lonmin-unveils-design-proposal-for-marikana-memorial-park-showcases-new-apartments-2017-08-15,retrieval_manifest
da373ba2081666be4d0becae88df4728057bc7a58a96a9498f4427fde771a997,2,MEDIA-016,DISC-MEDIA-0527,false,Lonmin Unveils Design Proposal For Marikana Memorial Park Showcases New Apartments,2017,Engineering News,https://www.engineeringnews.co.za/article/lonmin-unveils-design-proposal-for-marikana-memorial-park-showcases-new-apartments-2017-08-15,expanded_media_candidates_discovery_direct.csv
da5412dc8c66e4a3bc036561f88878c2526de3b5ac1492187d164f26b6592813,2,MEDIA-008,MEDIA-008,true,Lonmin commemorates deceased mineworkers describes massacre as catalyst for change,2013,Mining Weekly,https://www.miningweekly.com/article/lonmin-commemorates-deceased-mineworkers-describes-massacre-as-catalyst-for-change-2013-08-23,retrieval_manifest
da5412dc8c66e4a3bc036561f88878c2526de3b5ac1492187d164f26b6592813,2,MEDIA-008,SAT6-MEDIA-001,false,"Lonmin commemorates deceased mineworkers, describes massacre as ‘catalyst for change’",2013,Engineering News / Creamer Media,https://www.engineeringnews.co.za/article/lonmin-commemorates-deceased-mineworkers-describes-massacre-as-catalyst-for-change-2013-08-23,expanded_media_candidates_saturation_batch6.csv
dbaef47439d28cae9efb4d305cf48f3bb07a86db994590832329c689a695688f,2,MEDIA-047,MEDIA-047,true,"Tribunal approves Sibanye, Lonmin merger; imposes 6-month moratorium on retrenchments",2018,Mining Weekly,https://www.miningweekly.com/article/tribunal-approves-sibanye-lonmin-merger-imposes-6-month-moratorium-on-retrenchments-2018-11-21,retrieval_manifest
dbaef47439d28cae9efb4d305cf48f3bb07a86db994590832329c689a695688f,2,MEDIA-047,DISC-MEDIA-0674,false,Tribunal Approves Sibanye Lonmin Merger Imposes 6 Month Moratorium On Retrenchments,2018,Engineering News,https://www.engineeringnews.co.za/article/tribunal-approves-sibanye-lonmin-merger-imposes-6-month-moratorium-on-retrenchments-2018-11-21,expanded_media_candidates_discovery_direct.csv
df08c6f12578837cbd87a411b789e1505a8dd33498fd2f50850c260e8516098c,2,expanded_media_candidates_02__EXP-MEDIA-039,expanded_media_candidates_02__EXP-MEDIA-039,true,Lonmin confirms work stoppage across shafts,2013,Mining Weekly,https://www.miningweekly.com/article/lonmin-confirms-work-stoppage-across-shafts-2013-05-14,expanded_media_candidates_02.csv
df08c6f12578837cbd87a411b789e1505a8dd33498fd2f50850c260e8516098c,2,expanded_media_candidates_02__EXP-MEDIA-039,DISC-MEDIA-0440,false,Lonmin Confirms Work Stoppage Across Shafts,2013,Engineering News,https://www.engineeringnews.co.za/article/lonmin-confirms-work-stoppage-across-shafts-2013-05-14,expanded_media_candidates_discovery_direct.csv
e69b0f8ce2d73742a684ac34053e156cefc04db1e8621117613f7e785941bd66,2,MEDIA-054,MEDIA-054,true,"Sibanye launches campaign to reimagine, foster Marikana community of the future",2021,Mining Weekly,https://www.miningweekly.com/article/sibanye-launches-campaign-to-reimagine-foster-marikana-community-of-the-future-2021-04-16,retrieval_manifest
e69b0f8ce2d73742a684ac34053e156cefc04db1e8621117613f7e785941bd66,2,MEDIA-054,EXP-MEDIA-063,false,"Sibanye launches campaign to reimagine, foster Marikana community of the future",2021,Engineering News,https://www.engineeringnews.co.za/article/sibanye-launches-campaign-to-reimagine-foster-marikana-community-of-the-future-2021-04-16,expanded_media_candidates_batch3.csv
ec4ea81cdff97dc914417cc74f1a80d2a9640bc3bba3441fe2ba118c9130d4ff,2,expanded_media_candidates_batch1__EXP-MEDIA-038,expanded_media_candidates_batch1__EXP-MEDIA-038,true,Lonmin hands over New Marikana primary school to Basic Education dept,2018,Engineering News / Creamer Media,https://www.engineeringnews.co.za/article/lonmin-hands-over-new-marikana-primary-school-to-basic-education-dept-2018-04-06,source_overrides
ec4ea81cdff97dc914417cc74f1a80d2a9640bc3bba3441fe2ba118c9130d4ff,2,expanded_media_candidates_batch1__EXP-MEDIA-038,DISC-MEDIA-0457,false,Lonmin Hands Over New Marikana Primary School To Basic Education Dept,2018,Engineering News,https://www.engineeringnews.co.za/article/lonmin-hands-over-new-marikana-primary-school-to-basic-education-dept-2018-04-06,expanded_media_candidates_discovery_direct.csv
f6143221ef07278afe72150d9cf5b2e57ee437ed6080704c418c1896f909e80d,2,expanded_official_candidates__EXP-OFFICIAL-007,expanded_official_candidates__EXP-OFFICIAL-007,true,Mining & Migrancy,2014,Francis Wilson,https://www.justice.gov.za/comm-mrk/docs/20140409-SeminarPhase02-Wison.pdf,expanded_official_candidates.csv
f6143221ef07278afe72150d9cf5b2e57ee437ed6080704c418c1896f909e80d,2,expanded_official_candidates__EXP-OFFICIAL-007,expanded_official_candidates_batch1__EXP-OFFICIAL-007,false,Mining & Migrancy,2014,Francis Wilson / Marikana Commission Phase 2,https://www.justice.gov.za/comm-mrk/docs/20140409-SeminarPhase02-Wison.pdf,expanded_official_candidates_batch1.csv
f8a2558ab898d06afbd7bbd4487d92a7ad4ffb258e62f9a800600a0af042df62,3,WEB-MEDIA-006,EXP-MEDIA-066,false,"Sibanye concludes five-year wage deal at Rustenburg, Marikana operations",2022,Engineering News,https://www.engineeringnews.co.za/article/sibanye-concludes-five-year-wage-deal-at-rustenburg-marikana-operations-2022-10-28,expanded_media_candidates_batch3.csv
f8a2558ab898d06afbd7bbd4487d92a7ad4ffb258e62f9a800600a0af042df62,3,WEB-MEDIA-006,SAT-MEDIA-006,false,"Sibanye concludes five-year wage deal at Rustenburg, Marikana operations",2022,Engineering News,https://www.engineeringnews.co.za/article/sibanye-concludes-five-year-wage-deal-at-rustenburg-marikana-operations-2022-10-28,expanded_media_candidates_saturation_2019_2023.csv
f8a2558ab898d06afbd7bbd4487d92a7ad4ffb258e62f9a800600a0af042df62,3,WEB-MEDIA-006,WEB-MEDIA-006,true,"Sibanye concludes five-year wage deal at Rustenburg, Marikana operations",2022,Engineering News,https://www.engineeringnews.co.za/article/sibanye-concludes-five-year-wage-deal-at-rustenburg-marikana-operations-2022-10-28,expanded_media_candidates_web_2019_2023.csv
fc217934476c4a8a7270cc410af34a74d2af51f6c33364861415f1d49b5d18d7,2,expanded_media_candidates_02__EXP-MEDIA-038,expanded_media_candidates_02__EXP-MEDIA-038,true,"AMCU, Lonmin find strike-averting meeting point?",2013,Mining Weekly,https://www.miningweekly.com/article/amcu-lonmin-find-strike-averting-meeting-point-deputy-president-2013-06-21,expanded_media_candidates_02.csv
fc217934476c4a8a7270cc410af34a74d2af51f6c33364861415f1d49b5d18d7,2,expanded_media_candidates_02__EXP-MEDIA-038,DISC-MEDIA-0366,false,Amcu Lonmin Find Strike Averting Meeting Point Deputy President,2013,Engineering News,https://www.engineeringnews.co.za/article/amcu-lonmin-find-strike-averting-meeting-point-deputy-president-2013-06-21,expanded_media_candidates_discovery_direct.csv
