min_matched_sentences,min_distinct_families,mode,delta,criterion,base_weight,A_weighted_pressure_G_j,revised_weight,change_from_base
1,1,salience_times_contention,0.0,NPV,0.25,0.06159522934157533,0.25,0.0
1,1,salience_times_contention,0.0,IRR,0.2,0.04849088175724715,0.2,0.0
1,1,salience_times_contention,0.0,Geological Feasibility,0.15,0.20182169971325853,0.15,0.0
1,1,salience_times_contention,0.0,Market Stability,0.15,0.07726746920193044,0.15,0.0
1,1,salience_times_contention,0.0,Local Employment,0.15,0.8610741894288334,0.15,0.0
1,1,salience_times_contention,0.0,Community Infrastructure,0.1,0.6644509254947117,0.1,0.0
1,1,salience_times_contention,0.1,NPV,0.25,0.06159522934157533,0.24510426195338314,-0.00489573804661686
1,1,salience_times_contention,0.1,IRR,0.2,0.04849088175724715,0.19582802807539165,-0.004171971924608359
1,1,salience_times_contention,0.1,Geological Feasibility,0.15,0.20182169971325853,0.14911213905701065,-0.0008878609429893436
1,1,salience_times_contention,0.1,Market Stability,0.15,0.07726746920193044,0.1472916261832495,-0.0027083738167504867
1,1,salience_times_contention,0.1,Local Employment,0.15,0.8610741894288334,0.15874792292127016,0.008747922921270163
1,1,salience_times_contention,0.1,Community Infrastructure,0.1,0.6644509254947117,0.10391602180969498,0.0039160218096949695
1,1,salience_times_contention,0.3,NPV,0.25,0.06159522934157533,0.23602774302047239,-0.013972256979527614
1,1,salience_times_contention,0.3,IRR,0.2,0.04849088175724715,0.18809334501009817,-0.011906654989901844
1,1,salience_times_contention,0.3,Geological Feasibility,0.15,0.20182169971325853,0.1474660774045896,-0.0025339225954103817
1,1,salience_times_contention,0.3,Market Stability,0.15,0.07726746920193044,0.14227040037601432,-0.007729599623985672
1,1,salience_times_contention,0.3,Local Employment,0.15,0.8610741894288334,0.1749662514475321,0.024966251447532117
1,1,salience_times_contention,0.3,Community Infrastructure,0.1,0.6644509254947117,0.1111761827412934,0.011176182741293395
1,1,salience_times_contention,0.5,NPV,0.25,0.06159522934157533,0.2277938743964591,-0.022206125603540905
1,1,salience_times_contention,0.5,IRR,0.2,0.04849088175724715,0.18107673823841122,-0.01892326176158879
1,1,salience_times_contention,0.5,Geological Feasibility,0.15,0.20182169971325853,0.14597283362982957,-0.004027166370170421
1,1,salience_times_contention,0.5,Market Stability,0.15,0.07726746920193044,0.13771533758885166,-0.01228466241114834
1,1,salience_times_contention,0.5,Local Employment,0.15,0.8610741894288334,0.18967889484897138,0.039678894848971386
1,1,salience_times_contention,0.5,Community Infrastructure,0.1,0.6644509254947117,0.11776232129747714,0.017762321297477138
1,1,salience_times_contention,0.8,NPV,0.25,0.06159522934157533,0.21678305713855783,-0.03321694286144217
1,1,salience_times_contention,0.8,IRR,0.2,0.04849088175724715,0.17169371569317884,-0.028306284306821167
1,1,salience_times_contention,0.8,Geological Feasibility,0.15,0.20182169971325853,0.14397597952926364,-0.006024020470736358
1,1,salience_times_contention,0.8,Market Stability,0.15,0.07726746920193044,0.1316240375890626,-0.01837596241093739
1,1,salience_times_contention,0.8,Local Employment,0.15,0.8610741894288334,0.20935351382472991,0.05935351382472992
1,1,salience_times_contention,0.8,Community Infrastructure,0.1,0.6644509254947117,0.1265696962252071,0.026569696225207107
1,1,salience_only,0.0,NPV,0.25,0.06821082355193071,0.25,0.0
1,1,salience_only,0.0,IRR,0.2,0.05089367916464534,0.2,0.0
1,1,salience_only,0.0,Geological Feasibility,0.15,0.20619668621980333,0.15,0.0
1,1,salience_only,0.0,Market Stability,0.15,0.08259519239154305,0.15,0.0
1,1,salience_only,0.0,Local Employment,0.15,0.86215974393777,0.15,0.0
1,1,salience_only,0.0,Community Infrastructure,0.1,0.6798351996490963,0.1,0.0
1,1,salience_only,0.1,NPV,0.25,0.06821082355193071,0.2451390327161986,-0.004860967283801393
1,1,salience_only,0.1,IRR,0.2,0.05089367916464534,0.19577391833553656,-0.004226081664463449
1,1,salience_only,0.1,Geological Feasibility,0.15,0.20619668621980333,0.1490992129913631,-0.000900787008636883
1,1,salience_only,0.1,Market Stability,0.15,0.08259519239154305,0.14729355648473974,-0.002706443515260254
1,1,salience_only,0.1,Local Employment,0.15,0.86215974393777,0.1586819771359351,0.008681977135935104
1,1,salience_only,0.1,Community Infrastructure,0.1,0.6798351996490963,0.10401230233622694,0.0040123023362269306
1,1,salience_only,0.3,NPV,0.25,0.06821082355193071,0.23614021865354332,-0.013859781346456684
1,1,salience_only,0.3,IRR,0.2,0.05089367916464534,0.18795042953345525,-0.012049570466544757
1,1,salience_only,0.3,Geological Feasibility,0.15,0.20619668621980333,0.14743164060761316,-0.0025683593923868375
1,1,salience_only,0.3,Market Stability,0.15,0.08259519239154305,0.14228328166843604,-0.007716718331563954
1,1,salience_only,0.3,Local Employment,0.15,0.86215974393777,0.17475439510979304,0.024754395109793048
1,1,salience_only,0.3,Community Infrastructure,0.1,0.6798351996490963,0.11144003442715926,0.011440034427159254
1,1,salience_only,0.5,NPV,0.25,0.06821082355193071,0.2279916878084889,-0.022008312191511087
1,1,salience_only,0.5,IRR,0.2,0.05089367916464534,0.18086616938808162,-0.019133830611918395
1,1,salience_only,0.5,Geological Feasibility,0.15,0.20619668621980333,0.1459216344100479,-0.004078365589952088
1,1,salience_only,0.5,Market Stability,0.15,0.08259519239154305,0.13774641952209196,-0.012253580477908033
1,1,salience_only,0.5,Local Employment,0.15,0.86215974393777,0.18930815660577646,0.03930815660577647
1,1,salience_only,0.5,Community Infrastructure,0.1,0.6798351996490963,0.1181659322655131,0.018165932265513093
1,1,salience_only,0.8,NPV,0.25,0.06821082355193071,0.21711699640064597,-0.03288300359935403
1,1,salience_only,0.8,IRR,0.2,0.05089367916464534,0.17141180952877313,-0.028588190471226876
1,1,salience_only,0.8,Geological Feasibility,0.15,0.20619668621980333,0.1439064427473178,-0.006093557252682208
1,1,salience_only,0.8,Market Stability,0.15,0.08259519239154305,0.1316917114109531,-0.0183082885890469
1,1,salience_only,0.8,Local Employment,0.15,0.86215974393777,0.20873100326386151,0.05873100326386152
1,1,salience_only,0.8,Community Infrastructure,0.1,0.6798351996490963,0.12714203664844853,0.027142036648448525
2,1,salience_times_contention,0.0,NPV,0.25,0.03232236790750248,0.25,0.0
2,1,salience_times_contention,0.0,IRR,0.2,0.015379796634986483,0.2,0.0
2,1,salience_times_contention,0.0,Geological Feasibility,0.15,0.09924549877589926,0.15,0.0
2,1,salience_times_contention,0.0,Market Stability,0.15,0.02005277479516439,0.15,0.0
2,1,salience_times_contention,0.0,Local Employment,0.15,0.7434392735058548,0.15,0.0
2,1,salience_times_contention,0.0,Community Infrastructure,0.1,0.5250912298783984,0.1,0.0
2,1,salience_times_contention,0.1,NPV,0.25,0.03232236790750248,0.24605727619380344,-0.003942723806196563
2,1,salience_times_contention,0.1,IRR,0.2,0.015379796634986483,0.19651338802187704,-0.003486611978122972
2,1,salience_times_contention,0.1,Geological Feasibility,0.15,0.09924549877589926,0.14861919790320513,-0.0013808020967948642
2,1,salience_times_contention,0.1,Market Stability,0.15,0.02005277479516439,0.14745380796202456,-0.002546192037975431
2,1,salience_times_contention,0.1,Local Employment,0.15,0.7434392735058548,0.15809907064282794,0.008099070642827944
2,1,salience_times_contention,0.1,Community Infrastructure,0.1,0.5250912298783984,0.10325725927626193,0.0032572592762619285
2,1,salience_times_contention,0.3,NPV,0.25,0.03232236790750248,0.23860356886529813,-0.011396431134701873
2,1,salience_times_contention,0.3,IRR,0.2,0.015379796634986483,0.18992195871299533,-0.01007804128700468
2,1,salience_times_contention,0.3,Geological Feasibility,0.15,0.09924549877589926,0.14600879575129178,-0.003991204248708219
2,1,salience_times_contention,0.3,Market Stability,0.15,0.02005277479516439,0.14264023968128117,-0.007359760318718822
2,1,salience_times_contention,0.3,Local Employment,0.15,0.7434392735058548,0.17341033898722777,0.023410338987227775
2,1,salience_times_contention,0.3,Community Infrastructure,0.1,0.5250912298783984,0.1094150980019059,0.009415098001905889
2,1,salience_times_contention,0.5,NPV,0.25,0.03232236790750248,0.23167483525538407,-0.01832516474461593
2,1,salience_times_contention,0.5,IRR,0.2,0.015379796634986483,0.18379477182773032,-0.016205228172269687
2,1,salience_times_contention,0.5,Geological Feasibility,0.15,0.09924549877589926,0.14358224741390477,-0.006417752586095227
2,1,salience_times_contention,0.5,Market Stability,0.15,0.02005277479516439,0.13816569689867758,-0.011834303101322413
2,1,salience_times_contention,0.5,Local Employment,0.15,0.7434392735058548,0.18764321598556957,0.03764321598556958
2,1,salience_times_contention,0.5,Community Infrastructure,0.1,0.5250912298783984,0.11513923261873352,0.015139232618733511
2,1,salience_times_contention,0.8,NPV,0.25,0.03232236790750248,0.2221508249879066,-0.027849175012093413
2,1,salience_times_contention,0.8,IRR,0.2,0.015379796634986483,0.17537254143305633,-0.024627458566943677
2,1,salience_times_contention,0.8,Geological Feasibility,0.15,0.09924549877589926,0.1402467935516382,-0.009753206448361806
2,1,salience_times_contention,0.8,Market Stability,0.15,0.02005277479516439,0.1320151369546776,-0.017984863045322402
2,1,salience_times_contention,0.8,Local Employment,0.15,0.7434392735058548,0.20720726250541194,0.05720726250541194
2,1,salience_times_contention,0.8,Community Infrastructure,0.1,0.5250912298783984,0.12300744056730942,0.023007440567309412
2,1,salience_only,0.0,NPV,0.25,0.035510799205281045,0.25,0.0
2,1,salience_only,0.0,IRR,0.2,0.01653069817384845,0.2,0.0
2,1,salience_only,0.0,Geological Feasibility,0.15,0.09877656323744133,0.15,0.0
2,1,salience_only,0.0,Market Stability,0.15,0.02217063921082852,0.15,0.0
2,1,salience_only,0.0,Local Employment,0.15,0.7437356513208345,0.15,0.0
2,1,salience_only,0.0,Community Infrastructure,0.1,0.5425481103544566,0.1,0.0
2,1,salience_only,0.1,NPV,0.25,0.035510799205281045,0.2460614933116767,-0.0039385066883232955
2,1,salience_only,0.1,IRR,0.2,0.01653069817384845,0.19647689495507006,-0.0035231050449299472
2,1,salience_only,0.1,Geological Feasibility,0.15,0.09877656323744133,0.1485676269892281,-0.001432373010771898
2,1,salience_only,0.1,Market Stability,0.15,0.02217063921082852,0.14744064291599074,-0.002559357084009256
2,1,salience_only,0.1,Local Employment,0.15,0.7437356513208345,0.15805590912139245,0.008055909121392452
2,1,salience_only,0.1,Community Infrastructure,0.1,0.5425481103544566,0.10339743270664183,0.0033974327066418203
2,1,salience_only,0.3,NPV,0.25,0.035510799205281045,0.23862222383654405,-0.01137777616345595
2,1,salience_only,0.3,IRR,0.2,0.01653069817384845,0.18982225910129896,-0.010177740898701049
2,1,salience_only,0.3,Geological Feasibility,0.15,0.09877656323744133,0.14586208154794922,-0.004137918452050776
2,1,salience_only,0.3,Market Stability,0.15,0.02217063921082852,0.1426063875654837,-0.007393612434516306
2,1,salience_only,0.3,Local Employment,0.15,0.7437356513208345,0.17327235625829776,0.023272356258297766
2,1,salience_only,0.3,Community Infrastructure,0.1,0.5425481103544566,0.10981469169042644,0.009814691690426439
2,1,salience_only,0.5,NPV,0.25,0.035510799205281045,0.2317144853646385,-0.01828551463536149
2,1,salience_only,0.5,IRR,0.2,0.01653069817384845,0.18364309268485504,-0.01635690731514497
2,1,salience_only,0.5,Geological Feasibility,0.15,0.09877656323744133,0.1433498455824847,-0.006650154417515292
2,1,salience_only,0.5,Market Stability,0.15,0.02217063921082852,0.13811753664008866,-0.011882463359911333
2,1,salience_only,0.5,Local Employment,0.15,0.7437356513208345,0.18740159806687473,0.037401598066874736
2,1,salience_only,0.5,Community Infrastructure,0.1,0.5425481103544566,0.11577344166105834,0.015773441661058332
2,1,salience_only,0.8,NPV,0.25,0.035510799205281045,0.22223122250732724,-0.027768777492672758
2,1,salience_only,0.8,IRR,0.2,0.01653069817384845,0.17516004724175746,-0.02483995275824255
2,1,salience_only,0.8,Geological Feasibility,0.15,0.09877656323744133,0.13990093185811794,-0.01009906814188205
2,1,salience_only,0.8,Market Stability,0.15,0.02217063921082852,0.13195503448023724,-0.018044965519762757
2,1,salience_only,0.8,Local Employment,0.15,0.7437356513208345,0.20679887469948116,0.05679887469948117
2,1,salience_only,0.8,Community Infrastructure,0.1,0.5425481103544566,0.12395388921307902,0.02395388921307902
2,2,salience_times_contention,0.0,NPV,0.25,0.02141828438395139,0.25,0.0
2,2,salience_times_contention,0.0,IRR,0.2,0.01070681847480857,0.2,0.0
2,2,salience_times_contention,0.0,Geological Feasibility,0.15,0.03640960180519497,0.15,0.0
2,2,salience_times_contention,0.0,Market Stability,0.15,0.016745306223773477,0.15,0.0
2,2,salience_times_contention,0.0,Local Employment,0.15,0.6834383321392938,0.15,0.0
2,2,salience_times_contention,0.0,Community Infrastructure,0.1,0.4882310325180029,0.1,0.0
2,2,salience_times_contention,0.1,NPV,0.25,0.02141828438395139,0.2464248921751091,-0.0035751078248908996
2,2,salience_times_contention,0.1,IRR,0.2,0.01070681847480857,0.19692919930771507,-0.0030708006922849362
2,2,salience_times_contention,0.1,Geological Feasibility,0.15,0.03640960180519497,0.14807611560156198,-0.0019238843984380194
2,2,salience_times_contention,0.1,Market Stability,0.15,0.016745306223773477,0.14778599068425946,-0.002214009315740534
2,2,salience_times_contention,0.1,Local Employment,0.15,0.6834383321392938,0.15762230840075295,0.007622308400752953
2,2,salience_times_contention,0.1,Community Infrastructure,0.1,0.4882310325180029,0.10316149383060157,0.003161493830601561
2,2,salience_times_contention,0.3,NPV,0.25,0.02141828438395139,0.23961543800391094,-0.010384561996089059
2,2,salience_times_contention,0.3,IRR,0.2,0.01070681847480857,0.1910802913566281,-0.00891970864337191
2,2,salience_times_contention,0.3,Geological Feasibility,0.15,0.03640960180519497,0.14441172188715792,-0.005588278112842071
2,2,salience_times_contention,0.3,Market Stability,0.15,0.016745306223773477,0.14356900039793122,-0.0064309996020687765
2,2,salience_times_contention,0.3,Local Employment,0.15,0.6834383321392938,0.17214040471446315,0.022140404714463158
2,2,salience_times_contention,0.3,Community Infrastructure,0.1,0.4882310325180029,0.10918314363990872,0.009183143639908714
2,2,salience_times_contention,0.5,NPV,0.25,0.02141828438395139,0.23322535521500867,-0.016774644784991327
2,2,salience_times_contention,0.5,IRR,0.2,0.01070681847480857,0.1855915979764452,-0.014408402023554812
2,2,salience_times_contention,0.5,Geological Feasibility,0.15,0.03640960180519497,0.14097300585831438,-0.009026994141685618
2,2,salience_times_contention,0.5,Market Stability,0.15,0.016745306223773477,0.13961172036165304,-0.010388279638346959
2,2,salience_times_contention,0.5,Local Employment,0.15,0.6834383321392938,0.18576438030038608,0.03576438030038609
2,2,salience_times_contention,0.5,Community Infrastructure,0.1,0.4882310325180029,0.11483394028819272,0.01483394028819271
2,2,salience_times_contention,0.8,NPV,0.25,0.02141828438395139,0.22434554695939157,-0.025654453040608427
2,2,salience_times_contention,0.8,IRR,0.2,0.01070681847480857,0.17796438149115257,-0.022035618508847443
2,2,salience_times_contention,0.8,Geological Feasibility,0.15,0.03640960180519497,0.1361944857686093,-0.013805514231390703
2,2,salience_times_contention,0.8,Market Stability,0.15,0.016745306223773477,0.13411259161844485,-0.01588740838155514
2,2,salience_times_contention,0.8,Local Employment,0.15,0.6834383321392938,0.20469657490235735,0.05469657490235735
2,2,salience_times_contention,0.8,Community Infrastructure,0.1,0.4882310325180029,0.12268641926004432,0.02268641926004432
2,2,salience_only,0.0,NPV,0.25,0.024100333269243095,0.25,0.0
2,2,salience_only,0.0,IRR,0.2,0.010890757136868384,0.2,0.0
2,2,salience_only,0.0,Geological Feasibility,0.15,0.03666224338951211,0.15,0.0
2,2,salience_only,0.0,Market Stability,0.15,0.01846039223226303,0.15,0.0
2,2,salience_only,0.0,Local Employment,0.15,0.6838921259058126,0.15,0.0
2,2,salience_only,0.0,Community Infrastructure,0.1,0.5051457169744659,0.1,0.0
2,2,salience_only,0.1,NPV,0.25,0.024100333269243095,0.24642389778755797,-0.003576102212442034
2,2,salience_only,0.1,IRR,0.2,0.010890757136868384,0.19687933190465554,-0.0031206680953444754
2,2,salience_only,0.1,Geological Feasibility,0.15,0.03666224338951211,0.14803962541663604,-0.001960374583363955
2,2,salience_only,0.1,Market Stability,0.15,0.01846039223226303,0.14777115018434625,-0.002228849815653744
2,2,salience_only,0.1,Local Employment,0.15,0.6838921259058126,0.15758619249667047,0.007586192496670474
2,2,salience_only,0.1,Community Infrastructure,0.1,0.5051457169744659,0.10329980221013363,0.0032998022101336233
2,2,salience_only,0.3,NPV,0.25,0.024100333269243095,0.2396179202863446,-0.010382079713655401
2,2,salience_only,0.3,IRR,0.2,0.010890757136868384,0.19094012894457993,-0.009059871055420082
2,2,salience_only,0.3,Geological Feasibility,0.15,0.03666224338951211,0.14430867352664123,-0.005691326473358765
2,2,salience_only,0.3,Market Stability,0.15,0.01846039223226303,0.1435292407539768,-0.006470759246023194
2,2,salience_only,0.3,Local Employment,0.15,0.6838921259058126,0.17202410628799783,0.022024106287997836
2,2,salience_only,0.3,Community Infrastructure,0.1,0.5051457169744659,0.10957993020045952,0.00957993020045951
2,2,salience_only,0.5,NPV,0.25,0.024100333269243095,0.23323749798162569,-0.016762502018374315
2,2,salience_only,0.5,IRR,0.2,0.010890757136868384,0.1853722846441891,-0.014627715355810922
2,2,salience_only,0.5,Geological Feasibility,0.15,0.03666224338951211,0.14081100568208657,-0.009188994317913424
2,2,salience_only,0.5,Market Stability,0.15,0.01846039223226303,0.1395525638491087,-0.010447436150891304
2,2,salience_only,0.5,Local Employment,0.15,0.6838921259058126,0.18555926522312086,0.03555926522312086
2,2,salience_only,0.5,Community Infrastructure,0.1,0.5051457169744659,0.11546738261986901,0.015467382619869005
2,2,salience_only,0.8,NPV,0.25,0.024100333269243095,0.2243813821643616,-0.025618617835638402
2,2,salience_only,0.8,IRR,0.2,0.010890757136868384,0.17764403851535743,-0.022355961484642584
2,2,salience_only,0.8,Geological Feasibility,0.15,0.03666224338951211,0.13595619356427635,-0.014043806435723644
2,2,salience_only,0.8,Market Stability,0.15,0.01846039223226303,0.13403288042450157,-0.01596711957549843
2,2,salience_only,0.8,Local Employment,0.15,0.6838921259058126,0.2043462560224402,0.0543462560224402
2,2,salience_only,0.8,Community Infrastructure,0.1,0.5051457169744659,0.12363924930906288,0.023639249309062874
3,2,salience_times_contention,0.0,NPV,0.25,0.00934595632035582,0.25,0.0
3,2,salience_times_contention,0.0,IRR,0.2,0.008567594443462135,0.2,0.0
3,2,salience_times_contention,0.0,Geological Feasibility,0.15,0.03427037777384854,0.15,0.0
3,2,salience_times_contention,0.0,Market Stability,0.15,0.013240572603640045,0.15,0.0
3,2,salience_times_contention,0.0,Local Employment,0.15,0.6059824628449996,0.15,0.0
3,2,salience_times_contention,0.0,Community Infrastructure,0.1,0.26725306762661283,0.1,0.0
3,2,salience_times_contention,0.1,NPV,0.25,0.00934595632035582,0.24705164041310898,-0.0029483595868910195
3,2,salience_times_contention,0.1,IRR,0.2,0.008567594443462135,0.19762594304826947,-0.002374056951730541
3,2,salience_times_contention,0.1,Geological Feasibility,0.15,0.03427037777384854,0.14860009642961855,-0.0013999035703814444
3,2,salience_times_contention,0.1,Market Stability,0.15,0.013240572603640045,0.14828866062426982,-0.0017113393757301754
3,2,salience_times_contention,0.1,Local Employment,0.15,0.6059824628449996,0.15706672806032806,0.00706672806032807
3,2,salience_times_contention,0.1,Community Infrastructure,0.1,0.26725306762661283,0.1013669314244051,0.0013669314244050962
3,2,salience_times_contention,0.3,NPV,0.25,0.00934595632035582,0.2413742928041932,-0.008625707195806798
3,2,salience_times_contention,0.3,IRR,0.2,0.008567594443462135,0.19305446994225336,-0.006945530057746646
3,2,salience_times_contention,0.3,Geological Feasibility,0.15,0.03427037777384854,0.1459044485773841,-0.0040955514226158896
3,2,salience_times_contention,0.3,Market Stability,0.15,0.013240572603640045,0.144993313423052,-0.005006686576948
3,2,salience_times_contention,0.3,Local Employment,0.15,0.6059824628449996,0.17067438698854828,0.020674386988548288
3,2,salience_times_contention,0.3,Community Infrastructure,0.1,0.26725306762661283,0.10399908826456904,0.003999088264569031
3,2,salience_times_contention,0.5,NPV,0.25,0.00934595632035582,0.2359717436848778,-0.014028256315122195
3,2,salience_times_contention,0.5,IRR,0.2,0.008567594443462135,0.18870426810432184,-0.011295731895678174
3,2,salience_times_contention,0.5,Geological Feasibility,0.15,0.03427037777384854,0.14333927713936906,-0.0066607228606309354
3,2,salience_times_contention,0.5,Market Stability,0.15,0.013240572603640045,0.14185746965477197,-0.008142530345228022
3,2,salience_times_contention,0.5,Local Employment,0.15,0.6059824628449996,0.18362339959491936,0.03362339959491936
3,2,salience_times_contention,0.5,Community Infrastructure,0.1,0.26725306762661283,0.10650384182173997,0.006503841821739964
3,2,salience_times_contention,0.8,NPV,0.25,0.00934595632035582,0.22834105223291004,-0.02165894776708996
3,2,salience_times_contention,0.8,IRR,0.2,0.008567594443462135,0.1825599374844746,-0.017440062515525406
3,2,salience_times_contention,0.8,Geological Feasibility,0.15,0.03427037777384854,0.13971616676450707,-0.010283833235492923
3,2,salience_times_contention,0.8,Market Stability,0.15,0.013240572603640045,0.13742832783507616,-0.01257167216492383
3,2,salience_times_contention,0.8,Local Employment,0.15,0.6059824628449996,0.20191289916718408,0.051912899167184084
3,2,salience_times_contention,0.8,Community Infrastructure,0.1,0.26725306762661283,0.11004161651584808,0.010041616515848076
3,2,salience_only,0.0,NPV,0.25,0.011279882073960136,0.25,0.0
3,2,salience_only,0.0,IRR,0.2,0.008590495417547908,0.2,0.0
3,2,salience_only,0.0,Geological Feasibility,0.15,0.03436198167019163,0.15,0.0
3,2,salience_only,0.0,Market Stability,0.15,0.014230436454527977,0.15,0.0
3,2,salience_only,0.0,Local Employment,0.15,0.6057626467988476,0.15,0.0
3,2,salience_only,0.0,Community Infrastructure,0.1,0.277865568223982,0.1,0.0
3,2,salience_only,0.1,NPV,0.25,0.011279882073960136,0.2470584308699843,-0.0029415691300156976
3,2,salience_only,0.1,IRR,0.2,0.008590495417547908,0.19759364973469082,-0.002406350265309193
3,2,salience_only,0.1,Geological Feasibility,0.15,0.03436198167019163,0.14857683064551142,-0.0014231693544885793
3,2,salience_only,0.1,Market Stability,0.15,0.014230436454527977,0.14827874680225323,-0.0017212531977467693
3,2,salience_only,0.1,Local Employment,0.15,0.6057626467988476,0.15703744827208643,0.007037448272086438
3,2,salience_only,0.1,Community Infrastructure,0.1,0.277865568223982,0.10145489367547372,0.0014548936754737174
3,2,salience_only,0.3,NPV,0.25,0.011279882073960136,0.24139690383398638,-0.008603096166013624
3,2,salience_only,0.3,IRR,0.2,0.008590495417547908,0.19296223823865832,-0.007037761761341688
3,2,salience_only,0.3,Geological Feasibility,0.15,0.03436198167019163,0.1458377103253312,-0.0041622896746688065
3,2,salience_only,0.3,Market Stability,0.15,0.014230436454527977,0.14496591576408238,-0.005034084235917613
3,2,salience_only,0.3,Local Employment,0.15,0.6057626467988476,0.1705821592395428,0.02058215923954282
3,2,salience_only,0.3,Community Infrastructure,0.1,0.277865568223982,0.10425507259839879,0.0042550725983987875
3,2,salience_only,0.5,NPV,0.25,0.011279882073960136,0.23601276210572966,-0.013987237894270338
3,2,salience_only,0.5,IRR,0.2,0.008590495417547908,0.18855774175953469,-0.011442258240465325
3,2,salience_only,0.5,Geological Feasibility,0.15,0.03436198167019163,0.1432327926201208,-0.006767207379879181
3,2,salience_only,0.5,Market Stability,0.15,0.014230436454527977,0.14181539617495603,-0.008184603825043962
3,2,salience_only,0.5,Local Employment,0.15,0.6057626467988476,0.18346324998650326,0.03346324998650327
3,2,salience_only,0.5,Community Infrastructure,0.1,0.277865568223982,0.10691805735315563,0.006918057353155621
3,2,salience_only,0.8,NPV,0.25,0.011279882073960136,0.2284136339155193,-0.021586366084480696
3,2,salience_only,0.8,IRR,0.2,0.008590495417547908,0.18234127587741758,-0.01765872412258243
3,2,salience_only,0.8,Geological Feasibility,0.15,0.03436198167019163,0.13955623569314493,-0.010443764306855063
3,2,salience_only,0.8,Market Stability,0.15,0.014230436454527977,0.13736878175953432,-0.012631218240465675
3,2,salience_only,0.8,Local Employment,0.15,0.6057626467988476,0.20164350317377905,0.051643503173779054
3,2,salience_only,0.8,Community Infrastructure,0.1,0.277865568223982,0.11067656958060491,0.010676569580604908
